time,horizon_index,x,y,v,yaw
0.0,0,-7.82161937606759e-08,0.0,-1.008144800011621e-07,0.0
0.0,1,-1.6633591154347474e-07,0.0,0.1999997763011989,0.0
0.0,2,0.0199997336394925,0.0,0.3999999024569683,0.0
0.0,3,0.059999647283142096,0.0,0.6000004514472734,0.0
0.0,4,0.11999961808561387,0.0,0.8000010660098662,0.0
0.0,5,0.19999965444022497,0.0,1.000001179453649,0.0
0.0,6,0.299999708838818,0.0,1.2000001782071954,0.0
0.0,7,0.419999673303392,0.0,1.3999985728893058,0.0
0.0,8,0.5599994917694963,0.0,1.597558743389095,0.0
0.1,0,-6.611436097898141e-08,0.0,0.19999988206728347,0.0
0.1,1,0.01999985612040607,0.0,0.3999995292148674,0.0
0.1,2,0.05999974337714366,0.0,0.5999993767922467,0.0
0.1,3,0.11999961624984892,0.0,0.7999995997932455,0.0
0.1,4,0.19999951328692905,0.0,0.9999998365766293,0.0
0.1,5,0.2999994374111197,0.0,1.1999996362299399,0.0
0.1,6,0.4199993471231485,0.0,1.39999853622506,0.0
0.1,7,0.5599991554431557,0.0,1.5999970759587956,0.0
0.1,8,0.7199988300623944,0.0,1.7926793488885155,0.0
0.2,0,0.01999994268760366,0.0,0.39999962402355604,0.0
0.2,1,0.05999985087320575,0.0,0.5999991431869596,0.0
0.2,2,0.11999971121341292,0.0,0.7999988149895532,0.0
0.2,3,0.19999953941010892,0.0,0.9999988109920923,0.0
0.2,4,0.299999368694561,0.0,1.1999987702351054,0.0
0.2,5,0.41999919665105545,0.0,1.3999983527470012,0.0
0.2,6,0.5599989874372349,0.0,1.59999723073394,0.0
0.2,7,0.7199986730884256,0.0,1.7999959377658006,0.0
0.2,8,0.8999982396097703,0.0,1.9878003043352168,0.0
0.30000000000000004,0,0.059999923734577035,0.0,0.5999992259139253,0.0
0.30000000000000004,1,0.11999980325687026,0.0,0.7999987094676209,0.0
0.30000000000000004,2,0.19999963131247472,0.0,0.9999982987254157,0.0
0.30000000000000004,3,0.29999941880498016,0.0,1.1999981563112394,0.0
0.30000000000000004,4,0.4199991931957721,0.0,1.399997927963497,0.0
0.30000000000000004,5,0.559998946883137,0.0,1.599997373908683,0.0
0.30000000000000004,6,0.7199986487616268,0.0,1.7999962923677288,0.0
0.30000000000000004,7,0.8999982480916429,0.0,1.9999951794032311,0.0
0.30000000000000004,8,1.0999977442366116,0.0,2.182921629384791,0.0
0.4,0,0.11999986284078624,0.0,0.7999987794775324,0.0
0.4,1,0.19999970809217255,0.0,0.9999982912776361,0.0
0.4,2,0.2999995046492395,0.0,1.1999978643980942,0.0
0.4,3,0.41999925888144624,0.0,1.3999976525120101,0.0
0.4,4,0.5599989927481475,0.0,1.5999973245795323,0.0
0.4,5,0.7199986953864586,0.0,1.7999967153379166,0.0
0.4,6,0.8999983397869783,0.0,1.999995742200782,0.0
0.4,7,1.099997891118338,0.0,2.199994817448556,0.0
0.4,8,1.319997356165794,0.0,2.378043329607971,0.0
0.5,0,0.19999975482304513,0.0,0.9999983483714046,0.0
0.5,1,0.29999956617854673,0.0,1.199997946664188,0.0
0.5,2,0.4199993374466796,0.0,1.399997569808861,0.0
0.5,3,0.559999071268702,0.0,1.5999973430769077,0.0
0.5,4,0.7199987829716339,0.0,1.7999969947462242,0.0
0.5,5,0.8999984609200171,0.0,1.9999963675033945,0.0
0.5,6,1.0999980780370175,0.0,2.1999955531340407,0.0
0.5,7,1.3199976167610037,0.0,2.3999948123468693,0.0
0.5,8,1.5599970858833774,0.0,2.5731653724589423,0.0
0.6,0,0.29999959677896215,0.0,1.199997984344472,0.0
0.6,1,0.4199993752814752,0.0,1.3999976477343643,0.0
0.6,2,0.5599991201886859,0.0,1.5999973025623953,0.0
0.6,3,0.7199988307580617,0.0,1.7999970293117553,0.0
0.6,4,0.8999985144294572,0.0,1.9999966598054686,0.0
0.6,5,1.099998162017564,0.0,2.1999958089901064,0.0
0.6,6,1.3199977260934936,0.0,2.399995039897265,0.0
0.6,7,1.5599972158521886,0.0,2.5999942935070157,0.0
0.6,8,1.8199966348105,0.0,2.7682868360275545,0.0
0.7,0,0.41999940407695724,0.0,1.3999976871090922,0.0
0.7,1,0.5599991585934654,0.0,1.5999975861787628,0.0
0.7,2,0.7199989030626388,0.0,1.7999973733627495,0.0
0.7,3,0.8999986263713234,0.0,1.9999971139000332,0.0
0.7,4,1.099998324046355,0.0,2.1999965829919246,0.0
0.7,5,1.3199979693028467,0.0,2.399995841606647,0.0
0.7,6,1.5599975416580274,0.0,2.5999953911848035,0.0
0.7,7,1.8199970709479665,0.0,2.79213858079606,0.0
0.7,8,2.0992109219684725,0.0,2.951912456796409,0.0
0.7999999999999999,0,0.5599991807569169,0.0,1.5999976139866412,0.0
0.7999999999999999,1,0.7199989338249192,0.0,1.7999976105160105,0.0
0.7999999999999999,2,0.8999986865694434,0.0,1.9999973957415491,0.0
0.7999999999999999,3,1.0999984178915656,0.0,2.199997250414852,0.0
0.7999999999999999,4,1.3199981348486634,0.0,2.399996786923394,0.0
0.7999999999999999,5,1.5599978058363588,0.0,2.59999630432649,0.0
0.7999999999999999,6,1.8199974292916694,0.0,2.7999960104918253,0.0
0.7999999999999999,7,2.099997024535929,0.0,2.982057222078595,0.0
0.7999999999999999,8,2.3982027425787864,0.0,3.1322808588299442,0.0
0.8999999999999999,0,0.7199989476741512,0.0,1.7999976202409986,0.0
0.8999999999999999,1,0.8999987056135418,0.0,1.999997688101356,0.0
0.8999999999999999,2,1.0999984703483299,0.0,2.199997463240273,0.0
0.8999999999999999,3,1.31999821261233,0.0,2.3999974823520573,0.0
0.8999999999999999,4,1.5599979568655282,0.0,2.599997053403734,0.0
0.8999999999999999,5,1.8199976584026425,0.0,2.799996868589636,0.0
0.8999999999999999,6,2.099997341824455,0.0,2.999996676350048,0.0
0.8999999999999999,7,2.3999970066068563,0.0,3.1718244688414616,0.0
0.8999999999999999,8,2.717179451448237,0.0,3.3124276917636344,0.0
0.9999999999999999,0,0.8999987110503639,0.0,1.9999976221005742,0.0
0.9999999999999999,1,1.0999984698869503,0.0,2.1999978260169706,0.0
0.9999999999999999,2,1.3199982491238542,0.0,2.3999974083607336,0.0
0.9999999999999999,3,1.5599979866149478,0.0,2.5999976535422062,0.0
0.9999999999999999,4,1.8199977487422332,0.0,2.7999969835751832,0.0
0.9999999999999999,5,2.0999974440835767,0.0,2.9999970726046605,0.0
0.9999999999999999,6,2.3999971487152756,0.0,3.199612344649527,0.0
0.9999999999999999,7,2.719958381079228,0.0,3.3647107127234963,0.0
0.9999999999999999,8,3.05642945088713,0.0,3.497326731902005,0.0
1.0999999999999999,0,1.0999984758133758,0.0,2.1999976249410507,0.0
1.0999999999999999,1,1.3199982370297527,0.0,2.3999977123235943,0.0
1.0999999999999999,2,1.559998006987602,0.0,2.5999975891640528,0.0
1.0999999999999999,3,1.8199977646418721,0.0,2.799997580169025,0.0
1.0999999999999999,4,2.099997521449936,0.0,2.9999974153328415,0.0
1.0999999999999999,5,2.3999972618735823,0.0,3.199997382481336,0.0
1.0999999999999999,6,2.7199969991662485,0.0,3.382225270864026,0.0
1.0999999999999999,7,3.058219525494721,0.0,3.5309109948070208,0.0
1.0999999999999999,8,3.4113106244490026,0.0,3.6514671718614093,0.0
1.2,0,1.319998239725895,0.0,2.3999976265963427,0.0
1.2,1,1.5599980023540438,0.0,2.5999976266878644,0.0
1.2,2,1.8199977649913712,0.0,2.799997624063125,0.0
1.2,3,2.099997527366309,0.0,2.9999976217670614,0.0
1.2,4,2.3999972895124393,0.0,3.199997622157678,0.0
1.2,5,2.7199970516996492,0.0,3.3999976210644305,0.0
1.2,6,3.0599968137806726,0.0,3.574512993746721,0.0
1.2,7,3.417448113134316,0.0,3.713689841503789,0.0
1.2,8,3.7888170972695523,0.0,3.8251495267207667,0.0
1.3,0,1.559998002402965,0.0,2.5999976266254228,0.0
1.3,1,1.8199977650464447,0.0,2.7999976285073247,0.0
1.3,2,2.0999975278782212,0.0,2.9999976249527376,0.0
1.3,3,2.3999972903547433,0.0,3.199997628599003,0.0
1.3,4,2.7199970531969324,0.0,3.399997626357474,0.0
1.3,5,3.0599968158163326,0.0,3.579104095381026,0.0
1.3,6,3.417907225340032,0.0,3.729191189700368,0.0
1.3,7,3.7908263442983166,0.0,3.8501364297772045,0.0
1.3,8,4.175839987267684,0.0,3.949374682684269,0.0
1.4000000000000001,0,1.8199978005680475,0.0,2.7999976716681174,0.0
1.4000000000000001,1,2.0999976031390006,0.0,3.0000043978149615,0.0
1.4000000000000001,2,2.3999980781610954,0.0,3.199997557515041,0.0
1.4000000000000001,3,2.719997867764169,0.0,3.40000258750805,0.0
1.4000000000000001,4,3.0599981584619105,0.0,3.594227383855689,0.0
1.4000000000000001,5,3.4194209258489723,0.0,3.7627852367461085,0.0
1.4000000000000001,6,3.7956994744682806,0.0,3.901544611734876,0.0
1.4000000000000001,7,4.185853955490192,0.0,4.012135066378038,0.0
1.4000000000000001,8,4.58706747593914,0.0,4.102371013326196,0.0
1.5000000000000002,0,2.0999975278879335,0.0,2.9999976267996833,0.0
1.5000000000000002,1,2.399997290704176,0.0,3.1999976382616326,0.0
1.5000000000000002,2,2.719997054666145,0.0,3.399997633496755,0.0
1.5000000000000002,3,3.059996818146347,0.0,3.5965749077676907,0.0
1.5000000000000002,4,3.4196543090436684,0.0,3.7727378230315574,0.0
1.5000000000000002,5,3.7969280914537333,0.0,3.923013952052964,0.0
1.5000000000000002,6,4.189229486749443,0.0,4.046889305348397,0.0
1.5000000000000002,7,4.59391841735566,0.0,4.146755339076624,0.0
1.5000000000000002,8,5.008593951312983,0.0,4.228476446210376,0.0
1.6000000000000003,0,2.3999972904131983,0.0,3.1999976266435626,0.0
1.6000000000000003,1,2.719997053074618,0.0,3.3999976275351504,0.0
1.6000000000000003,2,3.059996815825223,0.0,3.59999762645894,0.0
1.6000000000000003,3,3.419996578468041,0.0,3.788202032946177,0.0
1.6000000000000003,4,3.7988167817594736,0.0,3.9516344126534246,0.0
1.6000000000000003,5,4.19398022302172,0.0,4.088676216686152,0.0
1.6000000000000003,6,4.602847844687564,0.0,4.200533429272515,0.0
1.6000000000000003,7,5.022901187612588,0.0,4.290271100236687,0.0
1.6000000000000003,8,5.451928297634717,0.0,4.363551156989544,0.0
1.7000000000000004,0,2.719997057941877,0.0,3.399997626780832,0.0
1.7000000000000004,1,3.0599968210013544,0.0,3.5667692561172184,0.0
1.7000000000000004,2,3.4166737469516693,0.0,3.7227683097662134,0.0
1.7000000000000004,3,3.7889505785040014,0.0,3.864348189186967,0.0
1.7000000000000004,4,4.175385398012548,0.0,3.9908284427185663,0.0
1.7000000000000004,5,4.574468242684649,0.0,4.102456422022657,0.0
1.7000000000000004,6,4.984713885458898,0.0,4.198614079737943,0.0
1.7000000000000004,7,5.404575293947403,0.0,4.2795957652288195,0.0
1.7000000000000004,8,5.832534870650255,0.0,4.348864983426926,0.0
1.8000000000000005,0,3.059996821404764,0.0,3.566769255036217,0.0
1.8000000000000005,1,3.4166737474367364,0.0,3.764243140894495,0.0
1.8000000000000005,2,3.793098061930093,0.0,3.943831386599599,0.0
1.8000000000000005,3,4.187481201268116,0.0,4.100303522685919,0.0
1.8000000000000005,4,4.597511554277219,0.0,4.233397099811828,0.0
1.8000000000000005,5,5.020851264912837,0.0,4.344735894778442,0.0
1.8000000000000005,6,5.4553248547866975,0.0,4.436435994957679,0.0
1.8000000000000005,7,5.898968454802656,0.0,4.510090234140289,0.0
1.8000000000000005,8,6.349977478641213,0.0,4.5701632718942165,0.0
1.9000000000000006,0,3.416673747808693,0.0,3.7642431482256726,0.0
1.9000000000000006,1,3.793098063247698,0.0,3.958294662177288,0.0
1.9000000000000006,2,4.188927530095541,0.0,4.130988853561755,0.0
1.9000000000000006,3,4.602026415890244,0.0,4.27813873534743,0.0
1.9000000000000006,4,5.029840290067524,0.0,4.400249121279623,0.0
1.9000000000000006,5,5.469865202886103,0.0,4.49962720588327,0.0
1.9000000000000006,6,5.91982792408804,0.0,4.579324849874233,0.0
1.9000000000000006,7,6.377760409419087,0.0,4.6429077504109575,0.0
1.9000000000000006,8,6.842051184843977,0.0,4.694828488505282,0.0
2.0000000000000004,0,3.7930980634113496,0.0,3.9582946622719755,0.0
2.0000000000000004,1,4.188927530308668,0.0,4.145926324766165,0.0
2.0000000000000004,2,4.603520163439169,0.0,4.3113052252806945,0.0
2.0000000000000004,3,5.034650686419717,0.0,4.450229126313651,0.0
2.0000000000000004,4,5.479673599712145,0.0,4.563417914760729,0.0
2.0000000000000004,5,5.936015391918925,0.0,4.653412277041474,0.0
2.0000000000000004,6,6.401356620331491,0.0,4.723515457440392,0.0
2.0000000000000004,7,6.87370816664489,0.0,4.777756825489643,0.0
2.0000000000000004,8,7.351483849393101,0.0,4.821831716638581,0.0
2.1000000000000005,0,4.188927529913508,0.0,4.145926324739122,0.0
2.1000000000000005,1,4.603520162885781,0.0,4.263039401746458,0.0
2.1000000000000005,2,5.029824103643929,0.0,4.373108206288121,0.0
2.1000000000000005,3,5.467134924698376,0.0,4.474253343298443,0.0
2.1000000000000005,4,5.914560259684933,0.0,4.564877079830065,0.0
2.1000000000000005,5,6.371047968414745,0.0,4.643702605605008,0.0
2.1000000000000005,6,6.835418229734964,0.0,4.709924112805009,0.0
2.1000000000000005,7,7.306410641714613,0.0,4.763746702214067,0.0
2.1000000000000005,8,7.782785312449805,0.0,4.807959021424194,0.0
2.2000000000000006,0,4.603520163215615,0.0,4.263039401715352,0.0
2.2000000000000006,1,5.029824103961335,0.0,4.3749327141645,0.0
2.2000000000000006,2,5.467317376066323,0.0,4.4777337580103636,0.0
2.2000000000000006,3,5.915090752512345,0.0,4.5697101736426795,0.0
2.2000000000000006,4,6.37206177032148,0.0,4.651346296249232,0.0
2.2000000000000006,5,6.83719640060416,0.0,4.72221910435128,0.0
2.2000000000000006,6,7.309418311762001,0.0,4.7818467319151345,0.0
2.2000000000000006,7,7.787602985637671,0.0,4.83045238211384,0.0
2.2000000000000006,8,8.27064822435742,0.0,4.870492885127128,0.0
2.3000000000000007,0,5.029824104201152,0.0,4.374932714136719,0.0
2.3000000000000007,1,5.467317376219982,0.0,4.475877009453959,0.0
2.3000000000000007,2,5.914905077866286,0.0,4.568339878036124,0.0
2.3000000000000007,3,6.371739066319308,0.0,4.650931558909376,0.0
2.3000000000000007,4,6.836832222656363,0.0,4.724339363646788,0.0
2.3000000000000007,5,7.309266159678975,0.0,4.788254626422891,0.0
2.3000000000000007,6,7.788091623043879,0.0,4.842230125821837,0.0
2.3000000000000007,7,8.272314636310075,0.0,4.886408067161222,0.0
2.3000000000000007,8,8.76095544353445,0.0,4.922923939388902,0.0
2.400000000000001,0,5.467317376444919,0.0,4.475877009429531,0.0
2.400000000000001,1,5.914905078035636,0.0,4.5737761008282956,0.0
2.400000000000001,2,6.372282688867468,0.0,4.661382324567817,0.0
2.400000000000001,3,6.838420922067092,0.0,4.737012266460102,0.0
2.400000000000001,4,7.312122149374029,0.0,4.802003194863277,0.0
2.400000000000001,5,7.792322469304988,0.0,4.858165638219347,0.0
2.400000000000001,6,8.278139033760333,0.0,4.90576540665047,0.0
2.400000000000001,7,8.768715575073006,0.0,4.945027753507903,0.0
2.400000000000001,8,9.263218350918816,0.0,4.977716026322156,0.0
2.500000000000001,0,5.914905078219073,0.0,4.573776100806717,0.0
2.500000000000001,1,6.372282688976066,0.0,4.669859243388091,0.0
2.500000000000001,2,6.83926861408805,0.0,4.754184791036501,0.0
2.500000000000001,3,7.31468709397486,0.0,4.824704748677998,0.0
2.500000000000001,4,7.797157569594019,0.0,4.882895648880169,0.0
2.500000000000001,5,8.285447135140696,0.0,4.931266354792589,0.0
2.500000000000001,6,8.77857377104049,0.0,4.972092771498474,0.0
2.500000000000001,7,9.275783048750462,0.0,5.006097101279012,0.0
2.500000000000001,8,9.776392759341276,0.0,5.034730991427404,0.0
2.600000000000001,0,6.372282689135627,0.0,4.6698592433687445,0.0
2.600000000000001,1,6.839268614170342,0.0,4.778090643921416,0.0
2.600000000000001,2,7.3170776793516135,0.0,4.871434899538373,0.0
2.600000000000001,3,7.804221170112916,0.0,4.946913845167494,0.0
2.600000000000001,4,8.29891255543514,0.0,5.005850582918256,0.0
2.600000000000001,5,8.79949761451514,0.0,5.050970425627349,0.0
2.600000000000001,6,9.304594657808583,0.0,5.085347232604196,0.0
2.600000000000001,7,9.813129381646489,0.0,5.11211864980882,0.0
2.600000000000001,8,10.324341246829018,0.0,5.1346383984931965,0.0
2.700000000000001,0,6.83926861431264,0.0,4.77809064390488,0.0
2.700000000000001,1,7.317077679414949,0.0,4.8991937761048305,0.0
2.700000000000001,2,7.806997057821046,0.0,5.00346797928573,0.0
2.700000000000001,3,8.307343856562023,0.0,5.087385497852814,0.0
2.700000000000001,4,8.816082407161623,0.0,5.152133741787585,0.0
2.700000000000001,5,9.331295782150182,0.0,5.200358607718433,0.0
2.700000000000001,6,9.851331643706352,0.0,5.2350287517766,0.0
2.700000000000001,7,10.37483451959228,0.0,5.259270457570887,0.0
2.700000000000001,8,10.900761565865979,0.0,5.276967132207625,0.0
2.800000000000001,0,7.31707767954984,0.0,4.8991937760890405,0.0
2.800000000000001,1,7.806997057879207,0.0,4.999398231462882,0.0
2.800000000000001,2,8.306936881824246,0.0,5.085435138788844,0.0
2.800000000000001,3,8.815480396516136,0.0,5.154462153324664,0.0
2.800000000000001,4,9.33092661266258,0.0,5.2076080538337735,0.0
2.800000000000001,5,9.851687418855285,0.0,5.247185512906322,0.0
2.800000000000001,6,10.376405970929884,0.0,5.275718658117352,0.0
2.800000000000001,7,10.903977837449634,0.0,5.295796750012688,0.0
2.800000000000001,8,11.433557512967347,0.0,5.310571508298372,0.0
2.9000000000000012,0,7.806997058013303,0.0,4.99939823144976,0.0
2.9000000000000012,1,8.306936881882345,0.0,5.081008975262807,0.0
2.9000000000000012,2,8.815037780208485,0.0,5.150941991230789,0.0
2.9000000000000012,3,9.33013198014445,0.0,5.206967317685253,0.0
2.9000000000000012,4,9.850828712726432,0.0,5.250125188189973,0.0
2.9000000000000012,5,10.375841232354269,0.0,5.282386823097511,0.0
2.9000000000000012,6,10.90407991544765,0.0,5.305839200355817,0.0
2.9000000000000012,7,11.434663836191026,0.0,5.322562596720541,0.0
2.9000000000000012,8,11.966920096379384,0.0,5.335048092633073,0.0
3.0000000000000013,0,8.30693688201941,0.0,5.081008975248174,0.0
3.0000000000000013,1,8.815037780267701,0.0,5.146195289363973,0.0
3.0000000000000013,2,9.329657310003412,0.0,5.2020148530634955,0.0
3.0000000000000013,3,9.849858796121959,0.0,5.2467809928783105,0.0
3.0000000000000013,4,10.374536896222576,0.0,5.281422428454173,0.0
3.0000000000000013,5,10.902679139876339,0.0,5.307567593911386,0.0
3.0000000000000013,6,11.433435900050796,0.0,5.326879197288466,0.0
3.0000000000000013,7,11.966123820487242,0.0,5.340959364997154,0.0
3.0000000000000013,8,12.500219757503139,0.0,5.351706779412558,0.0
3.1000000000000014,0,8.8150377804107,0.0,5.14619528934792,0.0
3.1000000000000014,1,9.329657310064981,0.0,5.1969818674294075,0.0
3.1000000000000014,2,9.849355497605346,0.0,5.240530710542611,0.0
3.1000000000000014,3,10.373408569470659,0.0,5.275633627267541,0.0
3.1000000000000014,4,10.900971933009432,0.0,5.303090871474614,0.0
3.1000000000000014,5,11.431281020964748,0.0,5.324192392304424,0.0
3.1000000000000014,6,11.963700260978221,0.0,5.34019378472807,0.0
3.1000000000000014,7,12.497719640158454,0.0,5.352251649077484,0.0
3.1000000000000014,8,13.032944805582282,0.0,5.361737152486713,0.0
3.2000000000000015,0,9.329657310216263,0.0,5.196981867412019,0.0
3.2000000000000015,1,9.849355497670263,0.0,5.2352438358167115,0.0
3.2000000000000015,2,10.372879882046407,0.0,5.268215442506397,0.0
3.2000000000000015,3,10.899701427106603,0.0,5.295106683031281,0.0
3.2000000000000015,4,11.429212096220901,0.0,5.316577559880351,0.0
3.2000000000000015,5,11.960869853016309,0.0,5.3335883599155895,0.0
3.2000000000000015,6,12.494228689790638,0.0,5.3470079352949265,0.0
3.2000000000000015,7,13.028929484027406,0.0,5.357580930126272,0.0
3.2000000000000015,8,13.564687577556029,0.0,5.366212124476961,0.0
3.3000000000000016,0,9.849355497831585,0.0,5.235243835798334,0.0
3.3000000000000016,1,10.372879882115404,0.0,5.26270504961126,0.0
3.3000000000000016,2,10.899150387867238,0.0,5.286644748064745,0.0
3.3000000000000016,3,11.427814863481512,0.0,5.306635439844275,0.0
3.3000000000000016,4,11.958478408276225,0.0,5.323189482811776,0.0
3.3000000000000016,5,12.490797357364311,0.0,5.336949867616988,0.0
3.3000000000000016,6,13.024492344908541,0.0,5.3484213705340995,0.0
3.3000000000000016,7,13.5593344826691,0.0,5.357970491724399,0.0
3.3000000000000016,8,14.095131532357463,0.0,5.3660927340163145,0.0
3.4000000000000017,0,10.372879882288036,-2.7861542080393617e-13,5.262705049593171,-3.5914348478209455e-13
3.4000000000000017,1,10.899150387940974,-9.887293624621745e-13,5.280918354880253,-0.0013008555551031783
3.4000000000000017,2,11.427241782038578,-0.0006869706344370297,5.297210323924901,-0.0016295098666880335
3.4000000000000017,3,11.956962117684462,-0.00155015510386577,5.311466243066953,-0.00040704654776032483
3.4000000000000017,4,12.488108698800772,-0.0017663565218621064,5.3240470302813545,0.0027844121467445393
3.4000000000000017,5,13.02051136294026,-0.0002839272707045663,5.335292504865044,0.008255884524838166
3.4000000000000017,6,13.554022551830194,0.004120771601722491,5.345365890507538,0.016136449259985718
3.4000000000000017,7,14.088489813358963,0.01274591092644213,5.354286802503493,0.02620963383513136
3.4000000000000017,8,14.623734954420454,0.026777687179483423,5.362192447364694,0.0377174964518148
3.5000000000000018,0,10.899147876029039,-0.0016260622877006313,5.280918354862459,-0.001300849828080077
3.5000000000000018,1,11.427239265376262,-0.0023130302668899058,5.291193861884464,-0.002142132031687308
3.5000000000000018,2,11.95635750427219,-0.0034464567133763546,5.301004578417926,-0.0004099350067582869
3.5000000000000018,3,12.486457978150547,-0.003663733819888231,5.310507928893169,0.005387461277931559
3.5000000000000018,4,13.017501074792634,-0.0008027487334827175,5.319911448850658,0.016129959001439396
3.5000000000000018,5,13.549423508565766,0.007777735130756253,5.3292637487251024,0.03212200199241464
3.5000000000000018,6,14.082076935693202,0.024893177748527687,5.338404306019626,0.052843238439527054
3.5000000000000018,7,14.615176210259543,0.05308959452805523,5.3470312758041025,0.07656884091816502
3.5000000000000018,8,15.148318166875047,0.09399098770968517,5.354970498286629,0.10014455799497475
3.600000000000002,0,11.42723685055023,-0.003364632239897345,5.2911938618667795,-0.0021421332025139145
3.600000000000002,1,11.956355023413,-0.004498075576870452,5.294679317171916,-0.0007145931360642811
3.600000000000002,2,12.485823178786532,-0.004876293040611502,5.299028899802964,0.005895610232159362
3.600000000000002,3,13.015717210559593,-0.0017519518735437233,5.304636083338105,0.020317323050710843
3.600000000000002,4,13.546071356161493,0.00902482879059679,5.311551822640869,0.04355109858940502
3.600000000000002,5,14.076724925541074,0.032148955830865224,5.319541949350663,0.07499152187119945
3.600000000000002,6,14.607192647742174,0.07200182556787132,5.328138376189074,0.11190520974393152
3.600000000000002,7,15.136691832976473,0.1315002978044183,5.3367508611065535,0.14889843971425729
3.600000000000002,8,15.664486731763184,0.21066949179995345,5.344933759622256,0.18275466984582006
3.700000000000002,0,11.956355837069164,-0.0027135751566482597,5.294679317154204,-0.0007145347372467603
3.700000000000002,1,12.485823634279164,-0.0030918983535152926,5.292461328431731,0.005244178243505477
3.700000000000002,2,13.015063778441315,-0.0003158308475845922,5.2923092482133445,0.02009417924706284
3.700000000000002,3,13.544189242707182,0.010319144848646447,5.294814594270761,0.047577377584720776
3.700000000000002,4,14.073071554339494,0.035500899667237684,5.299865826175578,0.08800541290755778
3.700000000000002,5,14.601012805995579,0.08207892592457403,5.306956029176023,0.13820681411613178
3.700000000000002,6,15.126673950338892,0.1551852646081397,5.315341754023743,0.19072060128969448
3.700000000000002,7,15.648623893237723,0.25594150150788963,5.324174352448903,0.23861974767086122
3.700000000000002,8,16.166026857912406,0.3817839321814381,5.332771367520999,0.27998589653988026
3.800000000000002,0,12.48577655218973,0.004356742562870518,5.292461323631134,0.005244289647563604
3.800000000000002,1,13.015015400012217,0.00713219125267749,5.285569950573983,0.018572370771743316
3.800000000000002,2,13.543484463482848,0.0169499461463772,5.281814729002644,0.04571226682687998
3.800000000000002,3,14.071117130572382,0.041089213151734395,5.281943852151661,0.08994849202233582
3.800000000000002,4,14.59717619658456,0.0885356716861265,5.285680259536774,0.15058634619035788
3.800000000000002,5,15.119775315509852,0.16782186180465944,5.2922755539571975,0.21888935145716576
3.800000000000002,6,15.636433336892727,0.2827284026542749,5.300738937784304,0.2844213857668416
3.800000000000002,7,16.145325134009276,0.43146206248193675,5.3099869551833345,0.34015997999301584
3.800000000000002,8,16.646041477210595,0.6086281414180993,5.319132647815973,0.38620394910943595
3.900000000000002,0,13.014665827013534,0.02378797662990558,5.28556994869384,0.018570072000292853
3.900000000000002,1,13.54313167564587,0.03360265927339202,5.275059816082568,0.044578888839810135
3.900000000000002,2,14.070113581539765,0.05711040874006198,5.268623534250594,0.08758476418830699
3.900000000000002,3,14.594956412469466,0.10319646956257905,5.267121330948502,0.1481354822789563
3.900000000000002,4,15.115899984060801,0.18093612485563437,5.2701096592860255,0.22707308321343272
3.900000000000002,5,15.629382315244314,0.29958036302117663,5.276614672848564,0.31242021459328695
3.900000000000002,6,16.13150139045296,0.4617637700590849,5.285423043266354,0.3893880271425395
3.900000000000002,7,16.62047956389695,0.6624106976581465,5.295245660626792,0.45094513742637565
3.900000000000002,8,17.09707305005211,0.8931871061975203,5.305031189769963,0.49968284324748086
4.000000000000002,0,13.541532257517126,0.0660286222039436,5.27505982711498,0.044530019312905
4.000000000000002,1,14.068515318233555,0.08951065309002534,5.261137617488931,0.08472965208818026
4.000000000000002,2,14.592741688563445,0.13403471392499114,5.2521983397347505,0.14226441265302375
4.000000000000002,3,15.11265547305478,0.20850296944785573,5.2492286321345265,0.21788791377176822
4.000000000000002,4,15.625167163448033,0.32197445236813704,5.251634611858229,0.312703877932309
4.000000000000002,5,16.12486296443445,0.48353182283779494,5.258219875574994,0.4110825976276513
4.000000000000002,6,16.60687862556943,0.6936514117944662,5.2675389377270445,0.49531578580601954
4.000000000000002,7,17.070328208365527,0.9440231688098962,5.27808568173011,0.5610472668271541
4.000000000000002,8,17.517226058484702,1.2248575630523104,5.28864297939063,0.6114830732426233
4.100000000000001,0,14.063913687270524,0.13937852840867893,5.261137621658273,0.08454852624921524
4.100000000000001,1,14.588148119686357,0.18380761697530712,5.243961551409274,0.13677588968775584
4.100000000000001,2,15.10764681011721,0.2553088684597287,5.232690365155765,0.20672876554225772
4.100000000000001,3,15.619774197626064,0.36271470651695353,5.22843895816364,0.2953652414682829
4.100000000000001,4,16.11997680749851,0.514908930707865,5.230455806849983,0.40404806695669226
4.100000000000001,5,16.600905223053317,0.7205409789489512,5.237312209407246,0.5127767438572484
4.100000000000001,6,17.057277694250807,0.9774830159997094,5.247319508711099,0.6015554092120143
4.100000000000001,7,17.48989807382153,1.2744430947609535,5.258742113530954,0.6716615612474938
4.100000000000001,8,17.901549829723436,1.6016901762276365,5.27019845475629,0.7239979479195902
4.200000000000001,0,14.578686935750488,0.24802564695224225,5.243961556527163,0.1363784914929714
4.200000000000001,1,15.098214002026948,0.31932043723015147,5.2236975666355026,0.19881846692670613
4.200000000000001,2,15.610293405833199,0.42249423836784644,5.210278377978032,0.279372066599623
4.200000000000001,3,16.111120361416724,0.5661686914153385,5.204943658479421,0.3791871865188394
4.200000000000001,4,16.594641833276416,0.7588376971010641,5.206774028686424,0.4998741125110353
4.200000000000001,5,17.051610654782323,1.0084061771055877,5.214102050028857,0.6140782498454189
4.200000000000001,6,17.47776223687898,1.3088457013284884,5.224975411239553,0.7079966538367654
4.200000000000001,7,17.87468750546874,1.6486337087574015,5.237421042046312,0.7830167131178274
4.200000000000001,8,18.24591300922129,2.01809473575383,5.249896446500314,0.8401204309270143
4.300000000000001,0,15.082057604792347,0.3950266666301273,5.223697571783099,0.19813822647842155
4.300000000000001,1,15.59420707943226,0.497852090658497,5.200600414343555,0.269164080330923
4.300000000000001,2,16.095541602424518,0.6361493259964632,5.185288021475463,0.35867029613491264
4.300000000000001,3,16.581073533636843,0.8181681141840966,5.179115529179571,0.4679839147796604
4.300000000000001,4,17.043299008526205,1.0517916613041045,5.180984987324052,0.598951520467051
4.300000000000001,5,17.47121065765824,1.3438835233905553,5.188982115582573,0.7174729752974255
4.300000000000001,6,17.862185227384145,1.685050384208888,5.2008843656394514,0.8154541172540104
4.300000000000001,7,18.218727017546072,2.0636951601531184,5.214481181601334,0.8943682758999196
4.300000000000001,8,18.545162225200905,2.47033025120224,5.228077648635091,0.9552606753641867
4.4,0,15.56973712914191,0.582213342199726,5.200600422794867,0.26816003839322744
4.4,1,16.071210265864387,0.720007135661478,5.175005075014241,0.34644808627004486
4.4,2,16.5579633632882,0.89572901890394,5.158114070357654,0.443550561275504
4.4,3,17.023861611794324,1.1170889361245404,5.151384332020233,0.5609622154354307
4.4,4,17.46005183833969,1.3911431062118755,5.153531187203708,0.7007549816790724
4.4,5,17.85396496428408,1.7234401407518296,5.162390205828885,0.8225637084686341
4.4,6,18.20518600821953,2.101788219956917,5.175469482512899,0.9236565864330943
4.4,7,18.517220157292453,2.514694607587857,5.1903267770837935,1.0055736031984241
4.4,8,18.795218568933684,2.9530048859852243,5.205127243585661,1.0694058426602622
4.5,0,16.037079391469316,0.8103660488795688,5.17500509201653,0.3450981905250452
4.5,1,16.524069211030177,0.9854307843182069,5.218618320010794,0.4721043798156062
4.5,2,16.988846379534927,1.2227534717640844,5.255727223780093,0.609167578107031
4.5,3,17.419881790144977,1.5234784876829244,5.285500653720868,0.7491004273131832
4.5,4,17.80694011967487,1.8834108556372806,5.308880798881075,0.8784374386214159
4.5,5,18.145835068249042,2.292058009107984,5.327135068304634,0.9866598074398667
4.5,6,18.43961554343976,2.736441652599586,5.341365292203664,1.0748600258361436
4.5,7,18.693787273371036,3.2062274132030417,5.352475871748025,1.1441526309531271
4.5,8,18.915282203870166,3.693495369575274,5.361493816302417,1.1982936062127294
4.6,0,16.451308584936708,1.1205610833222293,5.2186183287125205,0.4665201001553414
4.6,1,16.917403675906463,1.3552845652971173,5.243466372417867,0.5609272113234955
4.6,2,17.361400706074416,1.6342221057832722,5.265244409963918,0.6764116771573477
4.6,3,17.771997544536546,1.9638261603419975,5.283754515624752,0.8149679533411377
4.6,4,18.134406393785724,2.3483274914473773,5.299582209969989,0.9574034115808743
4.6,5,18.439474943677602,2.7816751294049737,5.313323850364972,1.0775445803276091
4.6,6,18.691067511109864,3.249691389221238,5.325326734531773,1.1768201709733996
4.6,7,18.89551207654096,3.7414870709059853,5.335731058129053,1.256597223302783
4.6,8,19.060453432830652,4.249057649509347,5.344812897729687,1.317914482943928
4.699999999999999,0,16.8541534509128,1.4523077321275961,5.243466391343459,0.5586030901262786
4.699999999999999,1,17.298797483550047,1.7302125740030092,5.253328702785945,0.6532622610094192
4.699999999999999,2,17.71596708725142,2.0494995544154104,5.2630041667368515,0.7687595928998814
4.699999999999999,3,18.094257843563923,2.4154070350414316,5.272816889500909,0.9070591602946074
4.699999999999999,4,18.419097383628376,2.830744630251602,5.283031020422078,1.054568204300661
4.699999999999999,5,18.679876609905822,3.290206723240538,5.293650404629233,1.1789764273833014
4.699999999999999,6,18.882031501568335,3.779457351283085,5.304361652152295,1.282157794667266
4.699999999999999,7,19.033023367385304,4.287953365333338,5.314656101558727,1.3656284172764974
4.699999999999999,8,19.141303407056938,4.808274824031997,5.3241983670409585,1.4305122359940303
4.799999999999999,0,17.22671719724653,1.8212733815436142,5.253328701685463,0.6509405644276868
4.799999999999999,1,17.644626999174125,2.1395908943067985,5.243029409346503,0.7450544471689713
4.799999999999999,2,18.030016726685417,2.4950743939717226,5.236103230349965,0.8595518208556703
4.799999999999999,3,18.371818889879066,2.8917353073080028,5.233581328674832,0.9963063019302583
4.799999999999999,4,18.656218438017852,3.331078997886869,5.235430365931869,1.1427639391920854
4.799999999999999,5,18.873538322718733,3.807393796125587,5.241093637277241,1.270660951166318
4.799999999999999,6,19.028501605145756,4.3080834121852485,5.2496374811066655,1.3770453851156599
4.799999999999999,7,19.12959173326864,4.823242602751857,5.259907329660944,1.4635941707713953
4.799999999999999,8,19.185885259308698,5.346241592684182,5.270772930675232,1.5315373740729044
4.899999999999999,0,17.564964551546126,2.2232228199436377,5.2430294209664075,0.7427811124893358
4.899999999999999,1,17.951161071224888,2.5778294039543326,5.220391499652342,0.8396558572943426
4.899999999999999,2,18.29973674858535,2.966442266283388,5.2037561081726444,0.9568038402213731
4.899999999999999,3,18.599544433424008,3.3917733534180456,5.194636394266649,1.0961108323088244
4.899999999999999,4,18.83697208908475,3.8538033881269964,5.1927526419716745,1.2415098653968468
4.899999999999999,5,19.004899177091623,4.345187509358224,5.197056507139598,1.3637460594465725
4.899999999999999,6,19.11175495039719,4.85381781202916,5.206034567632007,1.4650133303256117
4.899999999999999,7,19.16674571427655,5.371560300434069,5.2178740539022925,1.546917241328728
4.899999999999999,8,19.17922752311855,5.893277986661444,5.230530535512566,1.6106081357511495
4.999999999999998,0,17.861455258990038,2.655642538385231,5.220391493207369,0.8371715293797005
4.999999999999998,1,18.210995101375108,3.0433882814694915,5.188528582130765,0.9361765170968944
4.999999999999998,2,18.518608709882386,3.4612191583513985,5.164975153830618,1.0553554775796472
4.999999999999998,3,18.773202257075184,3.9106121211575724,5.151662291993489,1.1966317939230715
4.999999999999998,4,18.961497956527378,4.3901397522118515,5.1480993089029194,1.3295419645428213
4.999999999999998,5,19.08450526486601,4.890051607489916,5.152738845731426,1.4405041703373502
4.999999999999998,6,19.151462192775135,5.400979393369721,5.163405624872227,1.531468671609098
4.999999999999998,7,19.17177430552293,5.9169541418316385,5.177299717372888,1.603837908764587
4.999999999999998,8,19.154680332844357,6.434448404889226,5.191948062097055,1.6585861009212937
5.099999999999998,0,18.112123834231113,3.1135619096166023,5.188528594789624,0.9335098380103147
5.099999999999998,1,18.420849901427246,3.530570895548379,5.150370480883877,1.031102737449856
5.099999999999998,2,18.685514058605307,3.972404208048124,5.122513864578604,1.1485126038969748
5.099999999999998,3,18.89545934419788,4.439659159265777,5.10723982205014,1.2875931032114454
5.099999999999998,4,19.03817726852985,4.930048110660051,5.103820849751255,1.4039383013665105
5.099999999999998,5,19.12294760804176,5.433350488812334,5.1101216068833235,1.4997980954869994
5.099999999999998,6,19.15920066087113,5.943083158038936,5.122972882906466,1.576810217243255
5.099999999999998,7,19.15612156630923,6.455378218343437,5.139058181975497,1.6361092489571951
5.099999999999998,8,19.122581974892768,6.968194489801098,5.155708128055944,1.6784427224364415
5.1999999999999975,0,18.31720718694617,3.590163520217312,5.150370468153558,1.0285160137209122
5.1999999999999975,1,18.583012891158845,4.031310300356127,5.181311043358084,1.172777426629796
5.1999999999999975,2,18.78383678971604,4.508939446012143,5.208596795020323,1.2956342272385846
5.1999999999999975,3,18.92535587351916,5.010205968207531,5.23231155565804,1.3979622207063516
5.1999999999999975,4,19.01533845364791,5.525645191915453,5.252994695066041,1.48106464438697
5.1999999999999975,5,19.06241084853069,6.048838613410201,5.27104652723955,1.5459242978303276
5.1999999999999975,6,19.07551858579899,6.575792463935798,5.286645595823392,1.5932572619306244
5.1999999999999975,7,19.063643200001117,7.104341798699616,5.2998924601150765,1.6235487952593637
5.1999999999999975,8,19.035694652747033,7.633618797309777,5.31123501679234,1.6385798600930288
5.299999999999997,0,18.422310530858866,4.094362321015753,5.181311037326894,1.1646661605420965
5.299999999999997,1,18.627001950488207,4.570346821537688,5.196205100126312,1.252376800027486
5.299999999999997,2,18.789678292064963,5.06384927752641,5.2108946198895065,1.343803407290339
5.299999999999997,3,18.906949377253977,5.571573989522378,5.225593119873312,1.4261708824496484
5.299999999999997,4,18.98226151698598,6.088677941866168,5.2403675400522385,1.490315158925578
5.299999999999997,5,19.024391279655696,6.611024759086769,5.254995115077259,1.536952283616038
5.299999999999997,6,19.042172892538858,7.136243703217309,5.269017053943708,1.5666210397571902
5.299999999999997,7,19.04437177229141,7.6631824264198745,5.281913021786385,1.5829876893669859
5.299999999999997,8,19.037930405812567,8.19138628289733,5.29352293230542,1.5923067383138463
5.399999999999997,0,18.524008962863697,4.602414777613243,5.196205104450598,1.2504932552008874
5.399999999999997,1,18.687613681252827,5.095607408948512,5.201759858337542,1.3132651912645206
5.399999999999997,2,18.820100317617385,5.598630337503577,5.209048598447157,1.3810593452317925
5.399999999999997,3,18.918343855252814,6.110187230702867,5.2185336982877555,1.4463373538562916
5.399999999999997,4,18.98312370279806,6.62800939563588,5.229995770507025,1.500861796611564
5.399999999999997,5,19.019663324557424,7.149775826615171,5.24280541921522,1.5407282917018326
5.399999999999997,6,19.03540980864163,7.673954673324038,5.256093131077437,1.5663438373744807
5.399999999999997,7,19.03772161742897,8.199808699877357,5.268951278418458,1.5808860594827112
5.399999999999997,8,19.03236534729302,8.727017280648033,5.280858880132662,1.5892315698049773
5.4999999999999964,0,18.612130339139636,5.1145086154335875,5.201759858317551,1.3125695648011488
5.4999999999999964,1,18.744965866226636,5.617437814843541,5.200924890012678,1.3614120438548676
5.4999999999999964,2,18.853071253635157,6.126171425478097,5.203218069279574,1.4149202499329354
5.4999999999999964,3,18.93384906361605,6.640184982544255,5.2092846880146455,1.4672454961727723
5.4999999999999964,4,18.98769511649055,7.158323710256019,5.218693325733534,1.511695935153497
5.4999999999999964,5,19.018519292890318,7.679290284431514,5.2305032047579125,1.5447167111010907
5.4999999999999964,6,19.032157196782784,8.202190849585055,5.243531918396883,1.5662046088162471
5.4999999999999964,7,19.03456164350635,8.726592873572486,5.256584928214379,1.5785278976659773
5.4999999999999964,8,19.030492655770644,9.252309808107478,5.2688892030928915,1.5856614891696732
5.599999999999996,0,18.685431641152455,5.629494029078342,5.200924889992622,1.3610808294361407
5.599999999999996,1,18.793705349400195,6.138191386885344,5.195675017604289,1.4001118487462656
5.599999999999996,2,18.881957540138288,6.65020909859512,5.194591578023006,1.4432342745685292
5.599999999999996,3,18.94804129859529,7.165447742967817,5.198447847676304,1.485773291550097
5.599999999999996,4,18.99218681353327,7.683414901481594,5.206643469222626,1.522240733127738
5.599999999999996,5,19.017457949934013,8.20346868160231,5.217994880495672,1.5495472323686923
5.599999999999996,6,19.028544575033834,8.725161266953457,5.231078110248989,1.567403937123344
5.599999999999996,7,19.030318381247184,9.248287561000302,5.2444814898777405,1.5776508824060134
5.599999999999996,8,19.026722303953544,9.77275258771079,5.257251882672405,1.583559246899702
5.699999999999996,0,18.745720068338304,6.146080424146019,5.195675017584096,1.3999418573742777
5.699999999999996,1,18.834059242917938,6.658082943405734,5.187392684599475,1.4316185471259604
5.699999999999996,2,18.906023389137147,7.1718063056167995,5.184065021567189,1.4667398069958568
5.699999999999996,3,18.959869687875695,7.687408806562779,5.186555226963277,1.5015163184820701
5.699999999999996,4,18.99577340089953,8.204820209579607,5.1941246087563435,1.5314546563428935
5.699999999999996,5,19.016202664756584,8.723832219784306,5.205394986119631,1.5539489191611575
5.699999999999996,6,19.024971910035866,9.244303175486445,5.218750624433678,1.5686717206388054
5.699999999999996,7,19.026080437757393,9.766187694952844,5.232611381726398,1.5770911521553859
5.699999999999996,8,19.022786193909674,10.28945285591222,5.245894400409588,1.5819054019540608
5.799999999999995,0,18.79489697071699,6.663315401756143,5.187392684578928,1.4315272247373538
5.799999999999995,1,18.86690801016352,7.177032093557935,5.17638286546744,1.4574388921469135
5.799999999999995,2,18.9254605819291,7.691348194393688,5.170848319335905,1.4861669649148572
5.799999999999995,3,18.96916893197367,8.20658245055893,5.171667495794511,1.5146217845419039
5.799999999999995,4,18.99820525829879,8.72293348439869,5.177953222247995,1.5391412059522507
5.799999999999995,5,19.014593390776483,9.240470259676254,5.18814182934289,1.5575744527009538
5.799999999999995,6,19.021452858011273,9.759242215430735,5.200443258140586,1.569624127059555
5.799999999999995,7,19.022062348062356,10.27929239796697,5.213142709897419,1.5764826678808679
5.799999999999995,8,19.019097805963938,10.800606591144113,5.225108977321282,1.5803709223313058
5.899999999999995,0,18.834754252073495,7.180521189300132,5.1763828654466035,1.4573886570447567
5.899999999999995,1,18.893332650980113,7.694834291859938,5.16261809973797,1.4786345949852748
5.899999999999995,2,18.940844913021735,8.208905179390904,5.154583790071053,1.50213564923518
5.899999999999995,3,18.976208837915976,8.72314904411867,5.153090734551229,1.5253703736977227
5.899999999999995,4,18.999609193442787,9.237926573189178,5.157087225427967,1.5453710275103805
5.899999999999995,5,19.012719828791894,9.753469190624807,5.164840810982731,1.560391853408618
5.899999999999995,6,19.01809346303449,10.269927341723585,5.1744474985014905,1.5701911113137053
5.899999999999995,7,19.01840657485717,10.787375970331436,5.184225088274962,1.5757466260485486
5.899999999999995,8,19.01584014333321,11.305797410999066,5.193441914005658,1.5788773819545807
5.999999999999995,0,18.86690346337123,7.697160158807227,5.162618099717042,1.4786067521584458
5.999999999999995,1,18.914430033927644,8.211229689223215,5.1461445747482575,1.496005104893324
5.999999999999995,2,18.952882809305105,8.724405532007918,5.13541828654697,1.515184656580911
5.999999999999995,3,18.981427012724957,9.237153469882916,5.131115524744057,1.5340919916079132
5.999999999999995,4,19.000256202949473,9.749919460421111,5.132028534013369,1.5503352367275234
5.999999999999995,5,19.010756160128608,10.263015296311384,5.136330179079069,1.5625144221536058
5.999999999999995,6,19.01500996338745,10.776632067025307,5.142206982257319,1.5704457991773175
5.999999999999995,7,19.015190182114186,11.290855358738245,5.148543650662175,1.5749330730886018
5.999999999999995,8,19.01306031437356,11.80570876461578,5.154890840362318,1.5774570495639748
6.099999999999994,0,18.892751480444865,8.212774488853466,5.146144574727224,1.4959897196180942
6.099999999999994,1,18.93121214884914,8.725949719541585,5.126882195871965,1.5102033117564786
6.099999999999994,2,18.96225847044883,9.237697068540601,5.113153711045007,1.5258054612423497
6.099999999999994,3,18.985255233478313,9.748495034490091,5.105449875342192,1.541129858195947
6.099999999999994,4,19.000399079433517,10.258815402390443,5.102461464257081,1.554260973976851
6.099999999999994,5,19.008835795325822,10.768992086220099,5.102467538517676,1.5640891332155382
6.099999999999994,6,19.012258088881083,11.279228292082099,5.104284664176248,1.570483214585122
6.099999999999994,7,19.012417893531058,11.78965847161308,5.10726430729752,1.5741030338092128
6.099999999999994,8,19.010729045492187,12.30038436074766,5.1108857946036785,1.5761453749587921
6.199999999999994,0,18.913482477261823,8.726971208511902,5.1268821958505315,1.5101948633651001
6.199999999999994,1,18.944533121160596,9.238718283317233,5.104628289675967,1.5217728671589967
6.199999999999994,2,18.969547754600796,9.748567844632259,5.087483273129827,1.5344187986991984
6.199999999999994,3,18.98805068127311,10.256979591329063,5.075747954387236,1.5467866504318022
6.199999999999994,4,19.000236217934052,10.76440811909874,5.068191867192496,1.5573533080874011
6.199999999999994,5,19.00704919304404,11.271181717344131,5.063732406073488,1.5652495073056478
6.199999999999994,6,19.009857937157953,11.777547789128654,5.061711062430069,1.5703883512699934
6.199999999999994,7,19.010064433518842,12.283719982924271,5.06158295392556,1.573308729013457
6.199999999999994,8,19.008792746510167,12.789878122337345,5.062672485326601,1.5749703229283507
6.299999999999994,0,18.93008056331582,9.239390680168405,5.1046282896538475,1.5217682637288557
6.299999999999994,1,18.95509754326806,9.749240119727201,5.079072702807672,1.5311699652779263
6.299999999999994,2,18.97521879518255,10.256748675799663,5.058046040739813,1.541381255084666
6.299999999999994,3,18.990094929877536,10.762334473769975,5.041784046145171,1.551320733009429
6.299999999999994,4,18.99991348403477,11.266417284371261,5.029647430915763,1.5597868878152261
6.299999999999994,5,19.00545073252762,11.769351686645741,5.021078808405537,1.566107146250849
6.299999999999994,6,19.007805197384013,12.271454447651035,5.015574015340498,1.5702285589248683
6.299999999999994,7,19.008089961081296,12.773012475168127,5.012592090613122,1.5725877028879767
6.299999999999994,8,19.00719201032424,13.274271767600027,5.011317202215455,1.573948281544455
6.399999999999993,0,18.94335601674743,9.749680855439788,5.079072702785188,1.5311674775160942
6.399999999999993,1,18.963478530974484,10.25718935799395,5.049866878563718,1.5387780444054906
6.399999999999993,2,18.979644576374223,10.76191722145343,5.024619415488836,1.5469930413799464
6.399999999999993,3,18.991603693371083,11.264236823909227,5.003971341873724,1.554949118107141
6.399999999999993,4,18.999533260450796,11.764571141263533,4.987746580081527,1.5617068118362138
6.399999999999993,5,19.004066818631635,12.263325285916135,4.97553607667607,1.5667511541238408
6.399999999999993,6,19.006079503335627,12.760875066509676,4.966883437240874,1.5700530674131126
6.399999999999993,7,19.006448669818106,13.257563689664096,4.961250720981397,1.5719630859471476
6.399999999999993,8,19.005869808326416,13.753688937952058,4.957728720322754,1.5730847506371233
6.499999999999993,0,18.95397092820445,10.257477192828166,5.049866878543098,1.5387767108780177
6.499999999999993,1,18.970137646566943,10.762205033234341,5.086421470674361,1.5473867442117
6.499999999999993,2,18.98204366076658,11.270707823402207,5.110244011891069,1.554802838330988
6.499999999999993,3,18.990216376498246,11.781666869773346,5.119715499981634,1.5605851520819316
6.499999999999993,4,18.99544411932193,12.293611756019779,5.117162444817655,1.5647520298136817
6.499999999999993,5,18.998537071509254,12.805318852391897,5.106136842840797,1.5675438468267986
6.499999999999993,6,19.00019783913612,13.315930381888066,5.090359988408416,1.5692859924800224
6.499999999999993,7,19.00096666568639,13.824966739373444,5.073161852702179,1.5703225829867107
6.499999999999993,8,19.001207016744722,14.332284079469327,5.056729948433066,1.570997499784391
6.5999999999999925,0,18.95937938705547,10.762434918144766,5.086421470659534,1.5473847945240125
6.5999999999999925,1,18.97128639274277,11.270937678947785,5.1056517451155425,1.552291736717723
6.5999999999999925,2,18.98073365219183,11.781415459753632,5.114165346276623,1.556886677316858
6.5999999999999925,3,18.9878470449411,12.292782537964467,5.110814713931935,1.5608542379627195
6.5999999999999925,4,18.992928179565023,12.803838751530119,5.09785182687386,1.56402409101894
6.5999999999999925,5,18.99638054792142,13.313612265790246,5.078586411337987,1.566376927650496
6.5999999999999925,6,18.998624988088636,13.821466020638777,5.0564563567164935,1.568009708836963
6.5999999999999925,7,19.000034048405347,14.327109795610086,5.034465621688435,1.5690997837542628
6.5999999999999925,8,19.00088818543294,14.830555715323813,5.0143021996081565,1.5698849418538001
6.699999999999992,0,18.965153965925413,11.271044285826665,5.1056517451014205,1.5522913880406837
6.699999999999992,1,18.974601405429585,11.781522046424922,5.110315765792937,1.5556218054622435
6.699999999999992,2,18.982355768674736,12.29249479108286,5.105923179364314,1.5589281399576786
6.699999999999992,3,18.988415432605464,12.803051152919267,5.091705379218231,1.5619597097432818
6.699999999999992,4,18.99291472063492,13.312201812450379,5.0698469278897935,1.5645097159580126
6.699999999999992,5,18.996101917492503,13.819176496525804,5.043459922180343,1.566488240052703
6.699999999999992,6,18.998274680328116,14.323517836381763,5.0157593697045675,1.5679176007384346
6.699999999999992,7,18.99971858177785,14.825091736197711,4.989496784025848,1.5689083137380442
6.699999999999992,8,19.000660608321716,15.324040563939093,4.965959632082002,1.5696419645178903
6.799999999999992,0,18.970438919621163,11.781582107711603,5.11031576577873,1.5556216956418787
6.799999999999992,1,18.978193339122072,12.292554848657893,5.1028710461155775,1.5581528911206564
6.799999999999992,2,18.98464495081928,12.802801169017464,5.08769463406049,1.5607431687622006
6.799999999999992,3,18.989759605867647,13.311544924313932,5.0643136696439015,1.5631858682146054
6.799999999999992,4,18.993613745044115,13.817961626300141,5.0348568576749955,1.565286271878453
6.799999999999992,5,18.99638796637079,14.321439673818167,5.002285176747759,1.5669453404923166
6.799999999999992,6,18.998314336526782,14.821664495352485,4.9696511324775345,1.5681630683371783
6.799999999999992,7,18.999622974436228,15.318627905842858,4.939524397529885,1.5690197384203657
6.799999999999992,8,19.000500525951782,15.812579586891959,4.912881958437286,1.5696612421592695
6.8999999999999915,0,18.975029620835166,12.292593065139641,5.102871046100502,1.5581528427870897
6.8999999999999915,1,18.981481257213016,12.802839384348367,5.085496149732972,1.5601936332605906
6.8999999999999915,2,18.986873153316786,13.311360415884794,5.0613994054280464,1.5623067689572494
6.8999999999999915,3,18.991170007403213,13.817482118150236,5.030329111639414,1.5643203124898233
6.8999999999999915,4,18.99442763437294,14.320504482002162,4.99437334821155,1.5660655802933645
6.8999999999999915,5,18.99679033843644,14.819936231450683,4.956389694162125,1.567453546973089
6.8999999999999915,6,18.998447148796657,15.315572440274106,4.919327941079594,1.5684792051227792
6.8999999999999915,7,18.99958701743924,15.80750392748792,4.885643460721699,1.5692060311543878
6.8999999999999915,8,19.00036398037468,16.29606767076527,4.856084435291452,1.5697536334304847
6.999999999999991,0,18.97893042418937,12.802865260886776,5.0854961497170645,1.5601936078238365
6.999999999999991,1,18.984322333233912,13.311386291862696,5.060108500562176,1.5618820453729856
6.999999999999991,2,18.988832998022872,13.817377038133433,5.028714220058365,1.5636344878891915
6.999999999999991,3,18.99243445274744,14.320235564500008,4.991216262731324,1.5653080684348017
6.999999999999991,4,18.99517374882979,14.819349674722762,4.9496802312441694,1.5667617490471486
6.999999999999991,5,18.997170731794505,15.31431367225001,4.906908521857993,1.5679208490602916
6.999999999999991,6,18.998581701899873,15.805002503072513,4.865806884363851,1.5687805434049373
6.999999999999991,7,18.999562543942254,16.291582214644976,4.828780668041201,1.5693928341038768
6.999999999999991,8,19.000240260983574,16.77445981916183,4.79642300204018,1.5698563675465547
7.099999999999991,0,18.98221187662422,13.311404289715547,5.060108500545507,1.561882030865351
7.099999999999991,1,18.986722548757022,13.817395035622035,5.028381870519599,1.5632927566890578
7.099999999999991,2,18.99049559634004,14.320219067904029,4.99108973922675,1.5647542345772716
7.099999999999991,3,18.993511241827157,14.819318932285137,4.948230757595336,1.5661483139308174
7.099999999999991,4,18.995811178949946,15.31413666394677,4.9018684453275085,1.56735915136878
7.099999999999991,5,18.99749603519559,15.804320615741526,4.854798137064458,1.568325886341539
7.099999999999991,6,18.9986953843413,16.28979895486562,4.809938677566814,1.5690450425548113
7.099999999999991,7,18.99953774228561,16.770792096138706,4.769706286106686,1.5695596840429475
7.099999999999991,8,19.000127585789446,17.24776237289003,4.7346053229749465,1.5699511810960893
7.19999999999999,0,18.98495919483047,13.817407682484998,5.028381870502136,1.5632927481428132
7.19999999999999,1,18.988732246712946,14.3202317144902,4.991763973784595,1.5644750673890377
7.19999999999999,2,18.991887650586648,14.819398139699391,4.9497679071883915,1.5656954194417025
7.19999999999999,3,18.994412471767,15.314368491827528,4.9024360375861615,1.5668566337210375
7.19999999999999,4,18.99634387747002,15.804608292027957,4.851851870956363,1.5678645363018937
7.19999999999999,5,18.997766338118872,16.28979139681817,4.800851239659721,1.5686701911518286
7.19999999999999,6,18.998787064812433,16.76987544245062,4.7524213871028635,1.569271418903695
7.19999999999999,7,18.999511766383737,17.245117039462663,4.709046879741102,1.5697038994503387
7.19999999999999,8,19.000026196791676,17.716021459082377,4.671202619588657,1.570034630411571
7.29999999999999,0,18.987254379328068,14.32024063223619,4.991763973766437,1.5644750622956591
7.29999999999999,1,18.990409785745925,14.819407057217763,4.951493998651156,1.5654664515063705
7.29999999999999,2,18.993048859181037,15.314549425003605,4.905799093901505,1.5664852111753147
7.29999999999999,3,18.995163800705864,15.805124776352738,4.8547197639748365,1.5674518503644252
7.29999999999999,4,18.996787448616953,16.29059403868089,4.8003827671461465,1.5682903195148028
7.29999999999999,5,18.9979904281239,16.770630810969223,4.745711085442645,1.5689615233974863
7.29999999999999,6,18.998861173663933,17.24520112734869,4.6938136496071365,1.5694642399350394
7.29999999999999,7,18.99948643156644,17.714582086405706,4.647297496623516,1.5698279377797804
7.29999999999999,8,18.99993647200653,18.179311630440893,4.606660932916079,1.5701076625547579
7.39999999999999,0,18.989170568073256,14.81941335262632,4.951493998632332,1.5654664484602847
7.39999999999999,1,18.991809643017994,15.314555720217864,4.908619803171943,1.566297496112774
7.39999999999999,2,18.994017941874297,15.80541273403037,4.860058674738972,1.5671474972889774
7.39999999999999,3,18.995791291842117,16.29141536700827,4.805809496515327,1.5679517320792251
7.39999999999999,4,18.997158349369517,16.771994373390363,4.748066350408482,1.568649064469213
7.39999999999999,5,18.998177884318146,17.246799916743655,4.689884877131311,1.5692083446509844
7.39999999999999,6,18.998922630674763,17.7157878196048,4.634546892184302,1.56962896878842
7.39999999999999,7,18.999463649409385,18.17924220313588,4.584832816248624,1.5699351777929416
7.39999999999999,8,18.999858473082412,18.637725326468356,4.541311324988868,1.5701721176748646
7.499999999999989,0,18.990770844676323,15.314560167372811,4.90861980315253,1.5662974942898087
7.499999999999989,1,18.99297914442858,15.805417181016852,4.864014504019364,1.5669938837218138
7.499999999999989,2,18.994828655152784,16.291815115955202,4.813262778523198,1.5677028177903631
7.499999999999989,3,18.996317641293288,16.773139091536763,4.756287367837057,1.5683718150211234
7.499999999999989,4,18.99747080896281,17.248766431507246,4.695374242733024,1.5689518748018707
7.499999999999989,5,18.998336849025677,17.718303059978318,4.63375593327039,1.5694181822105977
7.499999999999989,6,18.998975448693592,18.181678219458007,4.5749362659516954,1.5697704865287072
7.499999999999989,7,18.999444765288303,18.639171614835394,4.521916966578182,1.5700286532722534
7.499999999999989,8,18.99979190212536,19.091363189200493,4.475378714411722,1.570229668334501
7.599999999999989,0,18.99210866433763,15.805420325464407,4.864014503999385,1.566993882630667
7.599999999999989,1,18.993958175593534,16.29181826025613,4.818392211147451,1.5675773549497432
7.599999999999989,2,18.995509201144202,16.773654985873765,4.76598297205385,1.5681686271107804
7.599999999999989,3,18.996761558225657,17.250251638493644,4.706603527700176,1.5687252816764417
7.599999999999989,4,18.99773631766771,17.720910983019277,4.64265655916285,1.569208110179569
7.599999999999989,5,18.998473673085925,18.185176056207773,4.577594394520976,1.5695973074481717
7.599999999999989,6,18.999022536665144,18.642935172459893,4.515190035939782,1.5698927895209294
7.599999999999989,7,18.99943050213171,19.09445400056486,4.458711732526333,1.570110786083211
7.599999999999989,8,18.99973616620577,19.54032507911743,4.408989051308028,1.5702815875977971
7.699999999999989,0,18.99322883920363,16.29182048684748,4.818392211126972,1.567577354296241
7.699999999999989,1,18.994779865069972,16.77365721233788,4.772322679313275,1.5680663121489096
7.699999999999989,2,18.99608271586233,17.250887702717655,4.7186596607309905,1.5685596500042727
7.699999999999989,3,18.997138127951494,17.72275248930748,4.657088132862686,1.56902317244832
7.699999999999989,4,18.997963902424033,18.18846057163415,4.59015239516015,1.5694255200347182
7.699999999999989,5,18.99859312470391,18.647475382594024,4.5215662025323535,1.5697508269837228
7.699999999999989,6,18.999065855547364,19.099631761187702,4.45541713135386,1.5699990544348843
7.699999999999989,7,18.99942107485527,19.545173340799273,4.395282826755347,1.5701834318301175
7.699999999999989,8,18.9996904607453,19.98470155006035,4.342174469620977,1.5703287775116936
7.799999999999988,0,18.9941686701617,16.773658792240465,4.7723226792923645,1.568066311756992
7.799999999999988,1,18.995471521141766,17.250889282510798,4.726244651329738,1.5684762853347771
7.799999999999988,2,18.996568029829124,17.723512476515282,4.671613972226022,1.5688882463003806
7.799999999999988,3,18.997459412139555,18.190673024150808,4.607961626972621,1.5692746792771937
7.799999999999988,4,18.99816058249091,18.65146865453977,4.53799842188312,1.5696104828021562
7.799999999999988,5,18.998698719449553,19.10526818025432,4.465740012300335,1.5698828764641828
7.799999999999988,6,18.99910664381284,19.551842000227126,4.395632463184715,1.570091792897454
7.799999999999988,7,18.99941633222749,19.991405144784743,4.331603774308476,1.5702480010335198
7.799999999999988,8,18.999653846424565,20.42456546529951,4.274875915626733,1.5703718607845207
7.899999999999988,0,18.994959055621642,17.250890406508752,4.7262446513083765,1.5684762850991918
7.899999999999988,1,18.996055564420917,17.723513600420397,4.680477648719847,1.5688203318874918
7.899999999999988,2,18.996980425122985,18.191560452374077,4.625057845363008,1.5691647531129864
7.899999999999988,3,18.9977350383425,18.65406562213885,4.55934298117227,1.5694874356760664
7.899999999999988,4,18.998331807796745,19.109999530861927,4.486235191589965,1.5697682462613325
7.899999999999988,5,18.998793030075177,19.558622815408178,4.4100915583548606,1.5699968144938377
7.899999999999988,6,18.999145623516416,19.99963183493567,4.335759439901793,1.570173004582578
7.899999999999988,7,18.99941588223,20.43320770130254,4.267556751634379,1.5703055781180373
7.899999999999988,8,18.9996253131999,20.859963332377852,4.206942508426925,1.5704112707524678
7.999999999999988,0,18.995625506815816,17.723514402085428,4.680477648698039,1.5688203317452074
7.999999999999988,1,18.996550367584966,18.19156125374529,4.542108426913873,1.568917126991002
7.999999999999988,2,18.997403921274618,18.645771295172253,4.413307178017328,1.5691065303081309
7.999999999999988,3,18.998149681245593,19.08710138368868,4.296929509379339,1.5693575968762545
7.999999999999988,4,18.99876789433359,19.516793890803157,4.193893944677862,1.5696183309508076
7.999999999999988,5,18.999261934351253,19.936182995395633,4.104959106361732,1.5698510525825577
7.999999999999988,6,18.999649966635438,20.34667872411127,4.031126363642622,1.570038929750551
7.999999999999988,7,18.999955284048347,20.749791246722086,3.9729334620582204,1.5701831197310134
7.999999999999988,8,19.000198908225865,21.147084520232156,3.9278003852882994,1.570298800322499
8.099999999999987,0,18.99642937373745,18.191561477483752,4.542108426884525,1.5689171269870243
8.099999999999987,1,18.99728292742916,18.64577151873503,4.401527965833763,1.5691124906780884
8.099999999999987,2,18.99802407348101,19.085923692071013,4.271162035327693,1.5693487612635546
8.099999999999987,3,18.998642353149016,19.51303944889012,4.154509192348992,1.5696016988042256
8.099999999999987,4,18.99913866348515,19.928490072442642,4.053117109908277,1.5698395774455927
8.099999999999987,5,18.99952644627085,20.33380159860871,3.968145246632125,1.5700422670039187
8.099999999999987,6,18.9998256692255,20.73061601089767,3.9001133518149103,1.570202833828997
8.099999999999987,7,19.000057139282543,21.120627277970662,3.846434731640398,1.5703236087391153
8.099999999999987,8,19.000238968262227,21.505270708634875,3.80317666847743,1.5704179457331142
8.199999999999987,0,18.99703872315873,18.645771912269183,4.401527965803117,1.5691124906493952
8.199999999999987,1,18.99777986922338,19.08592408544176,4.275042579928861,1.5693365717083174
8.199999999999987,2,18.998403921707897,19.513427888682095,4.1567967370480705,1.569574400892918
8.199999999999987,3,18.998911852499752,19.929107252811463,4.050136954729619,1.5698078948744665
8.199999999999987,4,18.999312182027715,20.334120751118192,3.956929915313611,1.5700175298526333
8.199999999999987,5,18.999620347590813,20.729813623119753,3.878182393528121,1.5701918018411163
8.199999999999987,6,18.999854794460212,21.11763179226396,3.8123117921629417,1.5703261094601912
8.199999999999987,7,19.000034057024727,21.49886293000229,3.758224100684699,1.570424809795182
8.199999999999987,8,19.000173682482817,21.87468531464947,3.7133465902128746,1.5705008072188233
8.299999999999986,0,18.997499768203745,19.08592446820647,4.275042579895675,1.5693365716625727
8.299999999999986,1,18.99812382070794,19.51342827130152,4.163994735689895,1.5695454963371507
8.299999999999986,2,18.99864466687631,19.929827419826324,4.059181547275847,1.5697587995627087
8.299999999999986,3,18.99906581907115,20.33574535673536,3.9636126390155018,1.5699631319375134
8.299999999999986,4,18.999396066303902,20.732106483523253,3.878787278998085,1.5701444818142907
8.299999999999986,5,18.999648904168474,21.119985129716348,3.803544506367409,1.570292515253855
8.299999999999986,6,18.999840532181977,21.50033953288598,3.7377679873176612,1.5704048182805508
8.299999999999986,7,18.99998687001878,21.874116303795542,3.6817010833310495,1.5704864647287469
8.299999999999986,8,19.000100952993197,22.24228639515576,3.6339696377672794,1.5705490186393307
8.399999999999986,0,18.997862665075615,19.51342857297012,4.163994735655674,1.5695454962977864
8.399999999999986,1,18.998383511260457,19.92982772137062,4.069509794130782,1.569729956664259
8.399999999999986,2,18.99881747268102,20.336778470026296,3.9790337224659793,1.5699159191224674
8.399999999999986,3,18.99916779092608,20.734681688517067,3.8945370415431646,1.5700926626118958
8.399999999999986,4,18.999441836611005,21.124135296957483,3.81513085151391,1.5702467387372403
8.399999999999986,5,18.99965151269882,21.505648325345987,3.74105963708734,1.5703706191037932
8.399999999999986,6,18.999810773522384,21.87975425612693,3.673543556256479,1.5704636867483317
8.399999999999986,7,18.999932971313655,22.247108592456343,3.614079950637241,1.5705310706438178
8.399999999999986,8,19.00002883801327,22.608516575735344,3.562370914312612,1.5705827067470577
8.499999999999986,0,18.99815293593857,19.929827946177582,4.069509794095105,1.5697299566356948
8.499999999999986,1,18.99858689737082,20.336778694822698,3.992315978388515,1.56989571573865
8.499999999999986,2,18.998946450825443,20.736010131393357,3.914694415935684,1.570056798275519
8.499999999999986,3,18.999235954706172,21.127479466407117,3.8378226267930575,1.5702051394489143
8.499999999999986,4,18.999462842979487,21.51126166275461,3.7613239302711055,1.570331984541929
8.499999999999986,5,18.999637498183994,21.887394016160073,3.6864717032126193,1.570433008392442
8.499999999999986,6,18.99977143550921,22.256041163249655,3.615673065188468,1.5705087517806389
8.499999999999986,7,18.999875414238616,22.617608456014853,3.5516027061096525,1.5705638051421742
8.499999999999986,8,18.999957997680646,22.972768718136557,3.4949434425137405,1.5706062506998943
8.599999999999985,0,18.99837969858083,20.33677886321758,3.9923159783538558,1.5698957157169409
8.599999999999985,1,18.99873925204416,20.736010299802068,3.902741581222376,1.5700223783409932
8.599999999999985,2,18.99904130518255,21.126284341696287,3.812666665453657,1.5701461664706762
8.599999999999985,3,18.999289190686817,21.507550928137306,3.72381000462395,1.5702610059951754
8.599999999999985,4,18.999488535009732,21.87993187596558,3.6365962598553008,1.5703599325020794
8.599999999999985,5,18.999647235003223,22.24359146816221,3.5533218425086455,1.5704394859512587
8.599999999999985,6,18.99977403302697,22.598923630646524,3.477474256158549,1.5705001441115782
8.599999999999985,7,18.999877030760025,22.946671041742423,3.412535242063957,1.5705455797612724
8.599999999999985,8,18.999962600018893,23.28792455557152,3.358844133689499,1.5705819616122154
8.699999999999985,0,18.998580923812693,20.736010410626015,3.9027415811840265,1.570022378330822
8.699999999999985,1,18.998882976955073,21.126284452342674,3.7567884892442076,1.5700763783423861
8.699999999999985,2,18.99915344738421,21.501963204488266,3.623946423333804,1.5701482478333242
8.699999999999985,3,18.999388308720857,21.864357771150054,3.508242697027798,1.5702317379135016
8.699999999999985,4,18.999586381169692,22.215181985600598,3.4084558508319036,1.5703145313234248
8.699999999999985,5,18.999750599972288,22.556027531854763,3.324008875071499,1.5703876462719784
8.699999999999985,6,18.999886446663126,22.888428392272967,3.2551448249764725,1.5704472568724666
8.699999999999985,7,19.000000074882877,23.213942855348037,3.201645055175431,1.5704940049343388
8.699999999999985,8,19.000096868502425,23.53410734668345,3.1586777290452734,1.5705318865756959
8.799999999999985,0,18.998815476957688,21.12628449906144,3.756788489194283,1.5700763783413767
8.799999999999985,1,18.999085947387165,21.501963251151878,3.64122877185288,1.5701663566819066
8.799999999999985,2,18.99931533491646,21.866086056691195,3.5320713725125477,1.5702572631393599
8.799999999999985,3,18.999505737021796,22.2192931430761,3.43210195167692,1.5703440804680153
8.799999999999985,4,18.999660953522785,22.562503303827107,3.3408179562738445,1.5704205209124593
8.799999999999985,5,18.99978650435459,22.896585076604243,3.2591180751818647,1.5704831106265547
8.799999999999985,6,18.999888586108483,23.222496868799432,3.1889459748766296,1.5705316164520773
8.799999999999985,7,18.99997300169419,23.541391455499344,3.1317677620450004,1.5705683861658908
8.799999999999985,8,19.0000443882775,23.854568223978816,3.0841691764162573,1.570597656009496
8.899999999999984,0,18.99897347448377,21.501963315492524,3.64122877180071,1.5701663566778008
8.899999999999984,1,18.999202862014506,21.86608612090793,3.54173548378137,1.5702494509620377
8.899999999999984,2,18.999396551945736,22.22025961672682,3.4460650657284155,1.5703317446287541
8.899999999999984,3,18.999556650937304,22.564866086754684,3.354188697191327,1.5704080833352543
8.899999999999984,4,18.9996868760509,22.900284931908256,3.2672697533756256,1.57047399795586
8.899999999999984,5,18.999792190485977,23.22701189093997,3.187613624519952,1.5705275445373488
8.899999999999984,6,18.999877868771655,23.545773242329673,3.117700471904346,1.5705690614794476
8.899999999999984,7,18.999948724157797,23.857543282072506,3.057126145844557,1.570600327059852
8.899999999999984,8,19.000008644600662,24.16325589129477,3.0047531623599317,1.5706250349327335
8.999999999999984,0,18.999098994175025,21.866086171819752,3.5417354837354105,1.5702494509585296
8.999999999999984,1,18.999292684107452,22.22025966777936,3.465392376092519,1.5703289002309753
8.999999999999984,2,18.999454666712026,22.566798867959257,3.386624353914885,1.570404052134938
8.999999999999984,3,18.999587516343773,22.90546127795161,3.3042851419676724,1.5704708164396022
8.999999999999984,4,18.99969507516549,23.23588977536857,3.2203918572655352,1.5705266520628993
8.999999999999984,5,18.99978192189275,23.557928950069247,3.1387838617615262,1.5705710415004086
8.999999999999984,6,18.999852634951292,23.871807328757086,3.0636387739964643,1.5706050156193
8.999999999999984,7,18.999911246638057,24.178171201185258,2.996091913787332,1.5706304510370104
8.999999999999984,8,18.99996094537432,24.47778038898577,2.9363440474136544,1.5706505243316533
9.099999999999984,0,18.99919337252833,22.220259707870007,3.465392376050634,1.5703289002277279
9.099999999999984,1,18.999355355133964,22.566798908006124,3.3412230466096764,1.5703663750824335
9.099999999999984,2,18.999499012517376,22.90092118213306,3.227354673566622,1.5704102316286694
9.099999999999984,3,18.999623620017303,23.223656626026113,3.1248267410268373,1.5704570939700468
9.099999999999984,4,18.999729625266085,23.536139282764765,3.0338820071829744,1.5705020412871278
9.099999999999984,5,18.999818908860725,23.839527470789807,2.954638613480805,1.5705415514294294
9.099999999999984,6,18.99989418659635,24.134991323198243,2.8850989141831715,1.5705737231998427
9.099999999999984,7,18.999958410738685,24.42350120813649,2.8249244060216703,1.570598728628859
9.099999999999984,8,19.00001423151361,24.705993643734256,2.772947626201751,1.5706188285386495
9.199999999999983,0,18.999308511569993,22.56679892711616,3.3412230465639006,1.5703663750819796
9.199999999999983,1,18.999452168953457,22.90092120134446,3.2206193328245147,1.5704111350571281
9.199999999999983,2,18.999576225443306,23.222983111109613,3.1070849094102577,1.570456554701913
9.199999999999983,3,18.999681796381147,23.533691584716124,3.0016068713318242,1.5704999040067982
9.199999999999983,4,18.999770771683835,23.83385225927561,2.905713076929727,1.570538439167228
9.199999999999983,5,18.999845707237743,24.12442355773134,2.821302215312377,1.570570683058651
9.199999999999983,6,18.99990936894053,24.406553772677242,2.7481721281712543,1.5705962279796761
9.199999999999983,7,18.99996436030453,24.68137098052991,2.687594212064688,1.570615953457842
9.199999999999983,8,19.000012838086782,24.950130397559764,2.6387701648187196,1.5706319795759176
9.299999999999983,0,18.999396218988785,22.900921221021203,3.2206193327814514,1.570411135056418
9.299999999999983,1,18.999520275478773,23.22298313093362,3.129367964378546,1.57046123033001
9.299999999999983,2,18.999625140362763,23.53591991020733,3.0374195298919764,1.5705081697142476
9.299999999999983,3,18.999712666602186,23.839661851199622,2.944367247356356,1.5705496751114176
9.299999999999983,4,18.999785290735574,24.13409856759837,2.852805489323535,1.570584443413342
9.299999999999983,5,18.999845737737303,24.419379110555354,2.7665266375523045,1.5706122667966524
9.299999999999983,6,18.999896659196594,24.6960317702239,2.687327211926496,1.5706336034327562
9.299999999999983,7,18.99994038903705,24.96476448839887,2.618586546342471,1.5706497040400276
9.299999999999983,8,18.99997878420386,25.226623140417086,2.5612638101351206,1.5706626083495583
9.399999999999983,0,18.999457656390597,23.2229831486709,3.129367964342989,1.5704612303289802
9.399999999999983,1,18.999562521274804,23.53591992792208,2.994934887522917,1.5704865025001515
9.399999999999983,2,18.999655312466533,23.835413402645344,2.8707704017868028,1.5705139496833032
9.399999999999983,3,18.999736377250628,24.122490431962046,2.7583858370418115,1.5705417581359815
9.399999999999983,4,18.999806597876663,24.398329007321976,2.659125660927364,1.5705676448090247
9.399999999999983,5,18.999867408030642,24.664241566846883,2.574522682976909,1.5705901603107946
9.399999999999983,6,18.999920486776524,24.921693830176253,2.503717868275918,1.5706086637498398
9.399999999999983,7,18.999967473005725,25.17206561290803,2.4467818069143137,1.570623450023915
9.399999999999983,8,19.000009772861087,25.416743790324126,2.39940777370246,1.570635648588834
9.499999999999982,0,18.99953093106258,23.535919937262555,2.9949348874855866,1.5704865024999546
9.499999999999982,1,18.999623722254242,23.835413412088375,2.8893536086752416,1.5705199646827404
9.499999999999982,2,18.999703573844698,24.12434876226396,2.7878136400492703,1.5705522381320427
9.499999999999982,3,18.999771621991023,24.40313011847335,2.690717773979688,1.5705818166865064
9.499999999999982,4,18.99982934135634,24.672201890068585,2.5995227647224635,1.570607446189011
9.499999999999982,5,18.99987844202375,24.932154162506407,2.5140661674784637,1.5706284044139185
9.499999999999982,6,18.99992065952167,25.183560776304102,2.4368617617482853,1.5706447575374871
9.499999999999982,7,18.999957595533232,25.427246950029662,2.3707799572370405,1.5706572864799582
9.499999999999982,8,18.999990559592902,25.664324943855213,2.3134439752547085,1.5706673458469682
9.599999999999982,0,18.9995818945276,23.835413422409047,2.8893536086365144,1.5705199646823718
9.599999999999982,1,18.999661746118026,24.12434877277499,2.8015595382076164,1.5705534479902488
9.599999999999982,2,18.99972979084095,24.404504718704388,2.711864240425745,1.570584424797921
9.599999999999982,3,18.99978725654079,24.675691137167544,2.6199742512884985,1.5706116409121023
9.599999999999982,4,18.999835644496173,24.93768855818556,2.528646313087334,1.5706344672567263
9.599999999999982,5,18.99987657375292,25.19055318669874,2.439239113081279,1.5706527329965372
9.599999999999982,6,18.999911600393325,25.43447709587533,2.355188693662868,1.570666783409671
9.599999999999982,7,18.99994211096105,25.669995963828413,2.277406274080759,1.5706773502765747
9.599999999999982,8,18.99996920738249,25.897736590100394,2.207055752922732,1.570685692409668
9.699999999999982,0,18.9996198919847,24.12434878098246,2.8015595381783984,1.570553447989846
9.699999999999982,1,18.999687936707588,24.40450472694785,2.6620085985713438,1.5705690766709641
9.699999999999982,2,18.999748431626983,24.670705580250036,2.5326282763491186,1.5705854838843116
9.699999999999982,3,18.999801831003857,24.923968402739654,2.415574007821398,1.570601789762993
9.699999999999982,4,18.99984882353629,25.165525799289966,2.3127299508936052,1.570616887283841
9.699999999999982,5,18.999890323693556,25.39679879114538,2.223625840464691,1.5706299733361773
9.699999999999982,6,18.999927315097864,25.619161372439976,2.149707302211863,1.570640780755698
9.699999999999982,7,18.99996075354229,25.834132100488652,2.089796620959323,1.5706494775879456
9.699999999999982,8,18.999991442622136,26.043111760488884,2.0423241951432023,1.5706567395588418
9.799999999999981,0,18.99966840085699,24.40450473132239,2.662008598538712,1.5705690766708906
9.799999999999981,1,18.99972889577626,24.67070558480912,2.555807669372721,1.5705923676434663
9.799999999999981,2,18.999781024524168,24.92628634678945,2.449802642270404,1.570613777546636
9.799999999999981,3,18.999825746169467,25.17126660743683,2.344353922994402,1.570632472904948
9.799999999999981,4,18.999864159973377,25.405701996937317,2.2427898419786594,1.5706480634905415
9.799999999999981,5,18.999897412941394,25.62998097916447,2.146985142669586,1.5706605055571818
9.799999999999981,6,18.999926574157413,25.844679491778777,2.061339666700185,1.5706701097162452
9.799999999999981,7,18.999952592358763,26.050813457236032,1.987306338905513,1.5706774323314563
9.799999999999981,8,18.99997622088454,26.249544089879286,1.925860251207706,1.5706833288360285
9.89999999999998,0,18.99969978206142,24.670705589518924,2.5558076693464455,1.5705923676432905
9.89999999999998,1,18.999751910809223,24.926286351529143,2.4291534116121554,1.570607397148033
9.89999999999998,2,18.999797805395218,25.16920168866631,2.308933990640251,1.5706220181298984
9.89999999999998,3,18.999838052758385,25.400095084704983,2.1962571294786652,1.5706355781124395
9.89999999999998,4,18.999873357914073,25.61972079515475,2.0933097609668687,1.5706474799187007
9.89999999999998,5,18.999904516759045,25.829051769422712,2.0003002475867238,1.5706573835359539
9.89999999999998,6,18.999932310139776,26.02908179257603,1.919952372296794,1.5706652976345215
9.89999999999998,7,18.99995746764938,26.22107702858552,1.8522641171933212,1.570671502556419
9.89999999999998,8,18.999980588911228,26.406303439018565,1.7972068996305612,1.5706765888443193
9.99999999999998,0,18.999733123928934,24.92628635483012,2.4291534115762285,1.5706073971479642
9.99999999999998,1,18.999779018514793,25.16920169187346,2.3133991582239366,1.5706237741700404
9.99999999999998,2,18.99981893746868,25.400541604705403,2.1976675327931225,1.570638964846855
9.99999999999998,3,18.99985352100517,25.620308355593817,2.083665372386256,1.5706523894633082
9.99999999999998,4,18.999883513308923,25.82867489116552,1.9713419580588587,1.570663635803005
9.99999999999998,5,18.999909671790036,26.02580908558207,1.8634614428171377,1.570672610053149
9.99999999999998,6,18.999932726446957,26.212155228927436,1.7609776483156472,1.5706794725345263
9.99999999999998,7,18.999953304711617,26.388252992866075,1.667482392545164,1.5706846254429891
9.99999999999998,8,18.999971931179985,26.555001231459855,1.5812046484039595,1.5706886765377654
10.09999999999998,0,18.999758547237818,25.16920169483359,2.3133991581827766,1.5706237741699538
10.09999999999998,1,18.99979846619157,25.400541607324065,2.1827751178493457,1.5706349917078193
10.09999999999998,2,18.999833682620775,25.618819116678402,2.057332834791597,1.5706458236508793
10.09999999999998,3,18.99986464669977,25.824552398140003,1.9393355773018097,1.5706558130631092
10.09999999999998,4,18.999891897567863,26.018485954440028,1.82771688547865,1.5706644849745253
10.09999999999998,5,18.99991599502912,26.201257641742412,1.723799551675193,1.5706716094811837
10.09999999999998,6,18.99993749427427,26.373637596057492,1.6271060255172345,1.5706771911422157
10.09999999999998,7,18.999956879361417,26.536348197763026,1.5400109596778107,1.5706814651816765
10.09999999999998,8,18.99997456860483,26.690349293094,1.459964318743641,1.5706848669514
10.19999999999998,0,18.99978444426972,25.400541609889224,2.182775117805873,1.570634991707779
10.19999999999998,1,18.999819660698783,25.61881911906162,2.050597366217076,1.5706476392319144
10.19999999999998,2,18.99985015110233,25.823878853874547,1.915961713619593,1.570658903621565
10.19999999999998,3,18.999876481389855,26.015475023758135,1.7806387073199164,1.5706683846499585
10.19999999999998,4,18.99989926375941,26.193538893518756,1.64562994224657,1.5706759409478308
10.19999999999998,5,18.99991907527328,26.35810188687745,1.5163840950881204,1.5706816835154487
10.19999999999998,6,18.999936460020287,26.509740295826983,1.3974425270669493,1.5706858884010184
10.19999999999998,7,18.99995189354044,26.64948454786203,1.2994390395010935,1.5706889440235268
10.19999999999998,8,18.999965847639057,26.779428451129355,1.21993882508885,1.5706913111182894
10.29999999999998,0,18.999803851294097,25.618819120964098,2.0505973661823966,1.5706476392318627
10.29999999999998,1,18.999834341697497,25.823878855451177,1.9086709335704355,1.5706557624849933
10.29999999999998,2,18.999861171330288,26.014745947334944,1.7713520118731336,1.5706632929558029
10.29999999999998,3,18.999884736799515,26.19188114725374,1.6418392704944935,1.570669947298874
10.29999999999998,4,18.999905486738804,26.35606507343344,1.520342427692292,1.5706755165228485
10.29999999999998,5,18.99992385446056,26.5080993153262,1.41009616143575,1.5706799627325618
10.29999999999998,6,18.99994026330514,26.649108930734926,1.3110116177323994,1.5706833807447969
10.29999999999998,7,18.99995507102879,26.78021009205827,1.2229759372695774,1.570685960984701
10.29999999999998,8,18.999968568842583,26.9025076851834,1.1502030215532741,1.5706879977109205
10.399999999999979,0,18.999824187631525,25.823878857241773,1.9086709335257825,1.5706557624849709
10.399999999999979,1,18.99985101726414,26.014745948971687,1.7497438238843848,1.5706643474929822
10.399999999999979,2,18.999874110748266,26.189720330299316,1.589746045048561,1.5706716933739142
10.399999999999979,3,18.999893924739858,26.34869493388281,1.4332270877586408,1.570677592739353
10.399999999999979,4,18.999910942425558,26.492017642076267,1.284814505642007,1.570682080449663
10.399999999999979,5,18.999925621319615,26.620499091980083,1.1570239861284088,1.5706853563527705
10.399999999999979,6,18.99993846118829,26.73620148995533,1.053687091563467,1.5706877003187285
10.399999999999979,7,18.99994990731344,26.841570198521396,0.9738215278832275,1.5706893920373863
10.399999999999979,8,18.999960321121705,26.93895235076496,0.9111109717564614,1.570690701486166
10.499999999999979,0,18.999840286004503,26.014745950045835,1.7497438238691165,1.5706643474929496
10.499999999999979,1,18.999863379488467,26.18972033107235,1.597900777228653,1.5706703615629598
10.499999999999979,2,18.99988350792766,26.349510407917975,1.4500833565703921,1.5706756444758776
10.499999999999979,3,18.999901008273774,26.49451874272843,1.3108476739825856,1.5706800376009684
10.499999999999979,4,18.999916252380856,26.62560350944863,1.1809773420486571,1.5706835040610367
10.499999999999979,5,18.99992957681908,26.743701243289124,1.0623893430887892,1.5706861106226526
10.499999999999979,6,18.99994128636373,26.849940177115325,0.965203156171714,1.5706880057149322
10.499999999999979,7,18.99995174181749,26.94646049223343,0.8903943886196679,1.570689385657907
10.499999999999979,8,18.99996126404445,27.035499930611056,0.8321853705770077,1.5706904581445298
10.599999999999978,0,18.999855861901352,26.18972033186666,1.5979007772008091,1.570670361562948
10.599999999999978,1,18.999875990340367,26.349510408407006,1.4491334282480968,1.5706751161064574
10.599999999999978,2,18.999893555789956,26.494423750526504,1.3061674219084565,1.5706792815091584
10.599999999999978,3,18.99990884422767,26.625040492019465,1.173503627408667,1.5706827342635303
10.599999999999978,4,18.999922174679313,26.742390854206484,1.0512878030432742,1.5706854483698076
10.599999999999978,5,18.999933831485762,26.847519634249657,0.9406866720469883,1.5706874806512086
10.599999999999978,6,18.99994407075949,26.94158830105856,0.8511450287420925,1.570688951123607
10.599999999999978,7,18.99995321022353,27.026702803508645,0.7831632631641388,1.570690017580386
10.599999999999978,8,18.999961536188934,27.105019129407072,0.7308998832931064,1.570690844295878
10.699999999999978,0,18.999870047161362,26.34951040958719,1.449133428194319,1.5706751161064483
10.699999999999978,1,18.99988761261077,26.49442375156781,1.2723838886192769,1.5706794891076976
10.699999999999978,2,18.999902479204152,26.621662139957195,1.1037526314090136,1.5706830326018837
10.699999999999978,3,18.999914984387942,26.73203740255163,0.9562596202797504,1.5706857104212237
10.699999999999978,4,18.999925562451452,26.827663364058868,0.8336615240368963,1.570687644861961
10.699999999999978,5,18.99993462307826,26.91102951599652,0.7359535490149712,1.5706890042362773
10.699999999999978,6,18.999942521725103,26.98462487048626,0.6613192211241592,1.5706899497033198
10.699999999999978,7,18.9999495568309,27.05075679223057,0.6063554456615606,1.5706906188283387
10.699999999999978,8,18.999955966660025,27.111392336460696,0.5647546906703316,1.5706911309781328
10.799999999999978,0,18.999882146359603,26.494423752009148,1.2723838885893282,1.5706794891076856
10.799999999999978,1,18.9998970129528,26.621662140162847,1.108450155022821,1.5706828825458423
10.799999999999978,2,18.99990958799099,26.732507155321922,0.9526600544554124,1.5706855992854991
10.799999999999978,3,18.999920136823818,26.827773160335113,0.81764812590171,1.570687619500124
10.799999999999978,4,18.999929025483148,26.909537972502424,0.7067126287814991,1.5706890535202778
10.799999999999978,5,18.999936606817812,26.980209234998508,0.619441891148093,1.5706900441831482
10.799999999999978,6,18.999943190580588,27.04215342377469,0.5537260815799264,1.5706907228990425
10.799999999999978,7,18.999949038298034,27.09752603162953,0.5060675917039463,1.5706911976420115
10.799999999999978,8,18.999954358684825,27.148132790522837,0.47047643587520266,1.5706915584499215
10.899999999999977,0,18.99989277115545,26.62166214046611,1.1084501550004697,1.5706828825458343
10.899999999999977,1,18.999905346193458,26.732507155265324,0.9705703232883307,1.570685480423254
10.899999999999977,2,18.99991610488356,26.829564187128756,0.8391204102541119,1.570687579183962
10.899999999999977,3,18.999925230351252,26.913476228011202,0.7172535296160656,1.5706891509917105
10.899999999999977,4,18.999932917773346,26.985201580706274,0.6152382436221462,1.5706902592529417
10.899999999999977,5,18.999939443625554,27.04672540478194,0.5350573935415619,1.5706910151327822
10.899999999999977,6,18.999945078552955,27.100231143864416,0.47530341508430884,1.5706915257541647
10.899999999999977,7,18.99995005991466,27.14776148512283,0.43264345299251594,1.570691878635641
10.899999999999977,8,18.9999545789165,27.19102583019068,0.40128143605181626,1.5706921447787578
10.999999999999977,0,18.999902098847038,26.73250715565526,0.9705703232789626,1.570685480423247
10.999999999999977,1,18.999912857536962,26.829564187351522,0.8430336726997073,1.5706875364710717
10.999999999999977,2,18.999922029162292,26.913867554233686,0.7218702844068965,1.5706891699100134
10.999999999999977,3,18.99992976470042,26.986054582605316,0.609920586022989,1.5706903675772592
10.999999999999977,4,18.999936227541106,27.04704664100758,0.5171061757582454,1.5706911916046877
10.999999999999977,5,18.999941664290773,27.098757258355775,0.44510995700032063,1.5706917398860871
10.999999999999977,6,18.999946319682238,27.143268253836617,0.3923139401872026,1.5706921020224576
10.999999999999977,7,18.999950408674678,27.18249964765289,0.35532871173437963,1.570692347845187
10.999999999999977,8,18.99995410344438,27.21803251863869,0.32862058294073637,1.570692531224927
11.099999999999977,0,18.999910287477547,26.829564188191934,0.8430336726791744,1.570687536471067
11.099999999999977,1,18.999919459102678,26.913867555033452,0.7000601719466037,1.5706891618366559
11.099999999999977,2,18.999926961489464,26.983873571856012,0.5750588454089907,1.5706903627963356
11.099999999999977,3,18.99993305520306,27.041379456084307,0.47271382555989155,1.5706911802559183
11.099999999999977,4,18.999938025756983,27.088650838382105,0.39269411108142327,1.570691710846881
11.099999999999977,5,18.999942134073052,27.12792024927701,0.3328067098026305,1.5706920474808033
11.099999999999977,6,18.999945604651316,27.161200920077867,0.2900907457375942,1.5706922614054493
11.099999999999977,7,18.999948623572813,27.190209994495728,0.2609324071230443,1.5706924024673032
11.099999999999977,8,18.999951335368088,27.21630323506775,0.2403446222611747,1.5706925059064636
11.199999999999976,0,18.99991742739605,26.913867555220705,0.7000601719286949,1.5706891618366479
11.199999999999976,1,18.999924929782644,26.983873572047735,0.5726271242510255,1.570690329066522
11.199999999999976,2,18.99993099965944,27.041136284166008,0.46204305585395233,1.570691168308708
11.199999999999976,3,18.999935858562928,27.08734058950035,0.37250043916414266,1.5706917199789328
11.199999999999976,4,18.99993975527515,27.124590633213835,0.3034565968836145,1.5706920645272553
11.199999999999976,5,18.999942919266978,27.154936292737915,0.25265070826053393,1.5706922747419894
11.199999999999976,6,18.999945548219863,27.180201363428203,0.2171602093455534,1.570692403561142
11.199999999999976,7,18.999947805079515,27.20191738424636,0.19355176810486432,1.57069248602994
11.199999999999976,8,18.99994981498989,27.221272560952993,0.1773146804741922,1.5706925454000995
11.299999999999976,0,18.999923470745646,26.983873572205212,0.5726271242379685,1.5706903290665204
11.299999999999976,1,18.99992954062227,27.0411362843133,0.459852283100679,1.5706911377308206
11.299999999999976,2,18.999934377893346,27.08712151237135,0.36274693360210913,1.5706917011082866
11.299999999999976,3,18.999938173259032,27.123396205532586,0.28503727253844835,1.5706920563871969
11.299999999999976,4,18.99994114543367,27.151899932630524,0.22601677401170697,1.5706922679653832
11.299999999999976,5,18.99994349740073,27.174501609909164,0.18340491464070713,1.570692390717175
11.299999999999976,6,18.99994540369058,27.19284210127471,0.15435626388487542,1.5706924623738265
11.299999999999976,7,18.999947006946023,27.208277727580565,0.13563842484628086,1.5706925064182597
11.299999999999976,8,18.999948415187127,27.221841569992474,0.12319951739331081,1.5706925373126865
11.399999999999975,0,18.999928529792264,27.041136284448463,0.459852283090399,1.5706911377308161
11.399999999999975,1,18.999933367063143,27.08712151248441,0.3607868091475245,1.5706916735099634
11.399999999999975,2,18.999937142915975,27.123200193193792,0.2761840354048552,1.5706920328203253
11.399999999999975,3,18.999940023425914,27.15081859657969,0.20933188326777702,1.57069224790835
11.399999999999975,4,18.999942202187135,27.17175178479065,0.1594015015808251,1.570692368194094
11.399999999999975,5,18.999943859347233,27.187691934861753,0.12413216526875824,1.5706924332381544
11.399999999999975,6,18.99994514903505,27.200105151321765,0.1007859789886263,1.5706924685738797
11.399999999999975,7,18.999946195808402,27.210183749166653,0.08634498069008617,1.5706924889599678
11.399999999999975,8,18.999947092420136,27.21881824718941,0.07719461613823139,1.5706925026675767
