time,x,y,yaw,speed,acceleration,steer,beta,yaw_rate,target_index,lateral_error,heading_error,curvature,normal_accel,target_speed
0.0,0.0,0.0,-0.15095770336235736,0.0,2.0,-1.2594370792551812e-17,-6.297185396275905e-18,-0.0,0,0.0,0.0,-4.7734091040694085e-18,-0.0,4.0
0.1,0.0,0.0,-0.15095770336235736,0.2,2.0,-1.1896926682831151e-17,-5.9484633414155754e-18,-9.51754134626492e-19,0,0.0,0.0,-4.7734091040694085e-18,-1.9093636416277638e-19,4.0
0.2,0.019772550142154302,-0.003007700263655614,-0.15095770336235736,0.4,2.0,-1.2421213631068554e-17,-6.210606815534278e-18,-1.9873941809709688e-18,0,4.336808689942018e-19,0.0,-4.7734091040694085e-18,-7.637454566511055e-19,4.0
0.30000000000000004,0.059317650426462906,-0.009023100790966843,-0.15095770336235736,0.6000000000000001,2.0,-1.1901155131783524e-17,-5.950577565891762e-18,-2.856277231628046e-18,0,0.0,0.0,-4.7734091040694085e-18,-1.7184272774649875e-18,4.0
0.4,0.11863530085292581,-0.018046201581933687,-0.15095770336235736,0.8,2.0,-1.1936379551126406e-17,-5.968189775563202e-18,-3.8196414563604495e-18,0,0.0,0.0,-4.7734091040694085e-18,-3.054981826604422e-18,4.0
0.5,0.19772550142154302,-0.030077002636556143,-0.15095770336235736,1.0,2.0,-1.568191382577204e-17,-7.84095691288602e-18,-6.2727655303088165e-18,0,3.469446951953614e-18,0.0,-4.7734091040694085e-18,-4.7734091040694085e-18,4.0
0.6,0.29658825213231454,-0.04511550395483421,-0.15095770336235736,1.2,2.0,0.00988170362801246,0.004940972433107505,0.004743314235808263,1,4.17648889572686e-05,-0.0007314171249008516,0.002733136456705395,0.003935716497655769,4.0
0.7,0.4153112702757491,-0.06257531388832739,-0.15048337193877653,1.4,2.0,0.006572266700112096,0.0032861688363167428,0.0036805024724332665,1,0.0005469100340470302,-0.00025708570132002007,0.002733136456705395,0.005356947455142574,4.0
0.7999999999999999,0.5537973156509655,-0.08310858533574901,-0.15011532169153322,1.5999999999999999,2.0,0.005540877875448382,0.002770460201925777,0.0035461845220340934,1,0.0009709810244462867,0.00011096454592329774,0.002733136456705395,0.0069968293291658105,4.0
0.8999999999999999,0.7120636150289964,-0.10659855087815635,-0.1497607032393298,1.7999999999999998,2.0,0.004204419832932434,0.0021022192067752465,0.003027193428062973,1,0.0014320083461466203,0.00046558299812671233,0.002733136456705395,0.008855362119725478,4.0
0.9999999999999999,0.8901049052174506,-0.13308060117700304,-0.1494579838965235,1.9999999999999998,2.0,0.01849113037778001,0.00924635557176088,0.014793958110914716,2,0.0017470625098851035,-0.0014294747449078715,0.005486036819425604,0.021944147277702414,4.0
1.0999999999999999,1.0881421937700697,-0.16103113503105837,-0.14797858808543204,2.1999999999999997,1.9800000000000004,0.009206139953794318,0.004603167509975927,0.008101546206672416,2,0.003310422753978993,4.992106618359471e-05,0.005486036819425604,0.026552418206019918,4.0
1.2,1.3058848484417866,-0.19246577096840378,-0.1471684334647648,2.3979999999999997,1.7622000000000004,0.008043267824418878,0.004021698957315668,0.007715206481969823,2,0.004334098546750868,0.0008600756868508419,0.005486036819425604,0.031546928070572265,4.0
1.3,1.5432321714707684,-0.22667524700905983,-0.1463969128165678,2.5742199999999995,1.5683580000000006,0.026218739889354095,0.013111623250282258,0.02700098858284175,3,0.004755670952057891,-0.002043112914925288,0.008278515420517581,0.05485848155037393,4.0
1.4000000000000001,1.7983710076533157,-0.2608843153304162,-0.14369681395828363,2.7310557999999996,1.3958386200000006,0.009997990053778353,0.00499911995465326,0.010922254944131696,3,0.007604890841540906,0.0006569859433588898,0.008278515420517581,0.06174667969868168,4.0
1.5000000000000002,2.0688539231682737,-0.29864209918572937,-0.14260458846387045,2.8706396619999994,1.2422963718000006,0.036878140701200185,0.01844534175397525,0.04235754171027451,4,0.008086066545039064,-0.0034200316317364587,0.011130473788906116,0.09172147142012471,4.0
1.6000000000000003,2.353708110351357,-0.33419224313395585,-0.138368834292843,2.9948692991799994,1.1056437709020006,0.011248038148145074,0.005624196965119644,0.013474916819596297,4,0.012399129371702212,0.0008157225392909917,0.011130473788906116,0.09983191431378445,4.0
1.7000000000000004,2.6505602622915525,-0.37383087429327133,-0.13702134261088336,3.1054336762701995,0.9840229561027807,0.0464555624378999,0.02324032006368493,0.05773182078483997,5,0.012569454385687462,-0.004525157760568416,0.014061909098136656,0.13560909035171623,4.0
1.8000000000000005,2.959095631616536,-0.4090886259604796,-0.13124816053239938,3.2038359718804776,0.8757804309314746,0.04818172873059955,0.02410485409208588,0.06177641603493842,6,0.0180108202020799,-0.00699099828393282,0.017092877603776684,0.17545095208510705,4.0
1.9000000000000006,3.2776420354612883,-0.443349944451295,-0.12507051892890553,3.291414014973625,0.7794445835290125,0.02313937617609794,0.011571236987007783,0.030467905351864027,6,0.023493551244419715,-0.0008133566804389702,0.017092877603776684,0.18517408651566558,4.0
2.0000000000000004,3.6046656977471954,-0.4806271021321174,-0.12202372839371912,3.3693584733265265,0.693705679340821,0.06308768420335983,0.031575259918243066,0.08509655382881239,7,0.025385858307845045,-0.00759457268512867,0.02024339335601914,0.22981467213464468,4.0
2.1000000000000005,3.940224260894829,-0.5110608977558649,-0.11351407301083788,3.4387290412606086,0.6173980546133305,0.01468218834059895,0.007341489815398749,0.020196133966227204,7,0.03346503707498429,0.0009150826977525756,0.02024339335601914,0.23937524011589123,4.0
2.2000000000000006,4.282160811182846,-0.5475022172876942,-0.11149445961421516,3.5004688467219416,0.5494842686058643,0.07511216464605204,0.03760912844054042,0.10529483954973819,8,0.03258816250001072,-0.00852725243125542,0.023533238496607288,0.28835941112853164,4.0
2.3000000000000007,4.6312526700829855,-0.5733420222086609,-0.10096497565924134,3.555417273582528,0.4890409990592192,0.06633135924419911,0.03320220077959375,0.09442079227802337,9,0.04075803967909984,-0.011144952060901533,0.02698165666943485,0.3410749058160725,4.0
2.400000000000001,4.9859784226206045,-0.5974160825124399,-0.091522896431439,3.60432137348845,0.435246489162705,0.0328520952262475,0.016430480803876074,0.047374454903182525,9,0.048599676098159524,-0.001702872833099195,0.02698165666943485,0.35052227857238716,4.0
2.500000000000001,5.345394822262582,-0.6244563728632306,-0.08678545094112075,3.6478460224047207,0.3873693753548073,0.09114210885075186,0.045665889628064074,0.1332193937722813,10,0.04868676546426026,-0.011855042343496505,0.03060689581669558,0.4072792475769704,4.0
2.600000000000001,5.709871075708913,-0.6394519290538516,-0.07346351156389262,3.6865829599402016,0.3447587440657783,0.0856011059730167,0.042879102601085746,0.12642314624408563,11,0.057663832398979306,-0.015227626817334708,0.03442556151705509,0.4678741547326814,4.0
2.700000000000001,6.078356962538733,-0.6507253674137954,-0.06082119693948406,3.7210588343467794,0.30683528221854267,0.11361615960708478,0.056992001480257695,0.16956464419211867,12,0.06675904659490442,-0.021151632436424324,0.038451738120694676,0.5324134882351809,4.0
2.800000000000001,6.450460117931231,-0.6521502300909242,-0.04386473252027219,3.7517423625686335,0.2730834011745032,0.03706069357753728,0.018536711808854058,0.05563278744298719,12,0.08009260378913635,-0.004195168017212453,0.038451738120694676,0.541230160574109,4.0
2.9000000000000012,6.825514021865404,-0.6616516349689834,-0.03830145377597347,3.779050702686084,0.24304422704530787,0.13139492110950093,0.06598224883282082,0.19933549781681062,13,0.07931858590408533,-0.019140115645684415,0.04269583396496397,0.6097487778348316,4.0
3.0000000000000013,7.203274320954728,-0.6511922579958341,-0.01836790399429241,3.8033551253906146,0.21630936207032395,0.106762098404884,0.05353359479870086,0.1628080279354155,14,0.09304760732729625,-0.021728448512339998,0.04716311147953159,0.6822384706347532,4.0
3.1000000000000014,7.583374691371604,-0.6378202533852931,-0.0020871012007508613,3.824986061597647,0.19251533224258835,0.1516079599321465,0.07624208163735421,0.23307396223771315,15,0.10367976629335493,-0.03005451684464297,0.051851876578904985,0.7586198328800788,4.0
3.2000000000000015,7.964822106886006,-0.609482065166111,0.021220295023020454,3.8442375948219056,0.17133864569590382,0.043914666243897546,0.021967924395369966,0.0675545028488725,15,0.12134016475675527,-0.006747120620871655,0.051851876578904985,0.7662754676285234,4.0
3.3000000000000016,8.348887404207277,-0.5928846482603054,0.027975745307907703,3.861371459391496,0.15249139466935435,0.17228002679515847,0.08678394960467592,0.26774766915930076,16,0.11825553279810935,-0.026751826511600733,0.05675132894190947,0.8461730715908999,4.0
3.4000000000000017,8.732484667365608,-0.5486688685943218,0.05475051222383778,3.8766205988584317,0.13571734125572515,0.13173216309257887,0.06615307467417912,0.20501069222305696,17,0.1346919784883811,-0.02895251134171971,0.06183912072568992,0.929329886722807,4.0
3.5000000000000018,9.11731681754677,-0.5019132393944311,0.07525158144614348,3.8901923329840042,0.12078843371759534,0.19371320059845615,0.0977738143248092,0.30380256936190303,18,0.14481935687227201,-0.03969398080730854,0.06707874061390495,1.0151425866398545,4.0
3.600000000000002,9.500527376548842,-0.4349383833259385,0.10563183838233378,3.9022711763557636,0.10750170600866006,0.18018262572888918,0.09082850430944897,0.2831602517131572,19,0.16578932042023703,-0.04286029885661516,0.07241693499217983,1.1027448334931202,4.0
3.700000000000002,9.883247951897987,-0.35876644267461083,0.13394786355364952,3.9130213469566297,0.09567651834770731,0.07948222766179464,0.03980397844629773,0.12457015387582727,19,0.18450063741533196,-0.014544273685299425,0.07241693499217983,1.1088289950003163,4.0
3.800000000000002,10.268658284105836,-0.2911185569366341,0.14640487894123225,3.9225889987914004,0.08515210132945952,0.2184515904681128,0.11054457148723243,0.34619064862193044,20,0.18161316871578012,-0.037954724376676824,0.0777814948632869,1.1968008734081044,4.0
3.900000000000002,10.648039213429065,-0.1914332771796116,0.1810239438034253,3.931104208924346,0.07578537018321918,0.17632633165300804,0.08885379235505651,0.27906726932733716,21,0.19942510988956924,-0.041515049326617065,0.08307986229866136,1.2838813234635045,4.0
4.000000000000002,11.026920413275334,-0.08662469252511543,0.208930670736159,3.938682745942668,0.0674489794630651,0.2448358237782861,0.12428028054967742,0.3905931722843065,22,0.209684172248996,-0.054058918931082056,0.08819911621005277,1.368252449965595,4.0
4.100000000000001,11.399124744070527,0.042201367995140626,0.24798998796458965,3.9454276438889746,0.06002959172212794,0.22669448685538945,0.11482236903073449,0.3616228386336308,23,0.2314640505481392,-0.057643223924077835,0.0930079409324888,1.4477987459900683,4.0
4.200000000000001,11.767983722549841,0.1822265333291972,0.2841522718279527,3.9514306030611874,0.05342633663269383,0.262289364517266,0.1334395138175317,0.4205708637345614,24,0.25079078855118114,-0.06619699108495714,0.09736110857218451,1.5201772480489146,4.0
4.300000000000001,12.129171454589832,0.34248089467981135,0.32620935820140884,3.956773236724457,0.04754943960309728,0.20983173817100625,0.10608352825223183,0.3351692960466548,25,0.2767703273335217,-0.0683364222459763,0.09079002034774128,1.4214135017956682,4.0
4.4,12.488449441454543,0.5082514367644324,0.3597262878060743,3.9615281806847666,0.04231900124675669,0.11252504635298086,0.056441185662635236,0.17877972241802442,25,0.2917024546328843,-0.034819492641310845,0.09079002034774128,1.424831844069644,4.0
4.5,12.850788629162983,0.668399394336123,0.3776042600478767,3.965760080809442,0.03766391110961358,0.20856769030688121,0.10543037652980676,0.33386993432895723,26,0.28601914366759273,-0.05801573109069663,0.08374378936042556,1.3170597640028743,4.0
4.6,13.201992181353202,0.8525965580341267,0.4109912534807725,3.9695264719204038,0.03352088088755587,0.15008942714234674,0.07546973353117538,0.23943584125693768,27,0.29408488201806937,-0.06246111454915099,0.07643461807856729,1.2043910093463046,4.0
4.699999999999999,13.552895495498044,1.0381720635162217,0.43493483760646623,3.972878560009159,0.029833583989924906,0.18514599056402617,0.09337316500517691,0.29633715291874385,28,0.2917153361450118,-0.07304864694431235,0.06903856472721712,1.0896884161831981,4.0
4.799999999999999,13.896017600429307,1.2384340460125112,0.4645685528983406,3.975861918408152,0.026551889751032978,0.14676696839845113,0.0737808007337506,0.23446096670896,29,0.29512916756258056,-0.07463398377146896,0.06169255665758775,0.9752037317737255,4.0
4.899999999999999,14.237367678228965,1.442284246720406,0.48801464956923657,3.9785171073832553,0.023631181878419217,0.15421636436153335,0.0775693798717626,0.24664136957955346,30,0.2926471168670657,-0.07912117161572374,0.05449578702966349,0.8625919259534797,4.0
4.999999999999998,14.573264232804942,1.6554965549049956,0.5126787865271919,3.9808802255710973,0.021031751871792938,0.07186197436244732,0.03597743531896675,0.11455277253966178,30,0.2920297341148033,-0.05445703465776841,0.05449578702966349,0.8636169370265312,4.0
5.099999999999998,14.912923334818514,1.863115841395351,0.5241340637811581,3.9829834007582767,0.018718259165895604,0.1383241599713332,0.06949449745926307,0.22125814963746324,31,0.27484434274944813,-0.06770198508761083,0.047513830529864604,0.7537668563030026,4.0
5.1999999999999975,15.243079370248857,2.0859129687917273,0.5462598787449044,3.9848552266748665,0.016659250657646885,0.08968503954255533,0.04493287301227143,0.14319260031733194,32,0.26873185215611667,-0.06711311801467013,0.0407840654486981,0.6476130781700612,4.0
5.299999999999997,15.573932530367948,2.308009565377068,0.5605791387766377,3.9865211517406314,0.014826733085305488,0.11110282048007902,0.055723369846350956,0.17762195857554597,33,0.2556209457442383,-0.07124656854711542,0.034321376854348266,0.545447364109645,4.0
5.399999999999997,15.899241132022132,2.5384392132580516,0.5783413346341922,3.988003825049162,0.013195792445921973,0.07944098581145966,0.0397832596111339,0.1268911550844416,34,0.24723717820412755,-0.06893490195049568,0.028123500061996265,0.4472810527788012,4.0
5.4999999999999964,16.22425016428635,2.76954714049713,0.5910304501426364,3.989323404293754,0.011744255276870376,0.08090100354527824,0.04051679705456839,0.1292723094928273,35,0.2350014899491743,-0.06877437968507383,0.022175675606645056,0.35291925172111904,4.0
5.599999999999996,16.54623443580473,3.0050745086207415,0.6039576810919192,3.9904978298214413,0.01045238719641457,0.04747567585056311,0.023751221379924234,0.0758162291801893,35,0.2237301265289234,-0.05584714873579111,0.022175675606645056,0.3531270756280163,4.0
5.699999999999996,16.86921542354448,3.2394332312165792,0.6115393040099381,3.9915430685410827,0.009302624604809085,0.06086946264236473,0.03046294831730353,0.09726029175102771,36,0.20752349487760996,-0.05794703986781091,0.016454507319755063,0.2621600568125913,4.0
5.799999999999995,17.188897475210343,3.47844692647877,0.6212653331850408,3.9924733310015634,0.008279335898280227,0.036747800119578525,0.018380105186850314,0.05870235847399293,37,0.1948061181997255,-0.05512238643904965,0.010931052702512396,0.1742392671685206,4.0
5.899999999999995,17.509216584969405,3.716762055899353,0.6271355690324402,3.9933012645913912,0.007368608949469647,0.03456045858255976,0.017285390818174432,0.055217868605305045,38,0.1794803411313013,-0.05343075167083211,0.005573249292267713,0.08887356898601048,4.0
5.999999999999995,17.828460156470943,3.956653889759564,0.6326573558929707,3.9940381254863384,0.006558061965027751,0.015583255457196153,0.0077921007828491385,0.024897306134077278,39,0.16490407699754656,-0.049411625655653935,0.0003478126690180997,0.005548426143029336,4.0
6.099999999999994,18.148713022478034,4.195319989766723,0.6351470865063784,3.9946939316828414,0.005836675148874493,0.028638589513757,0.014322231418718004,0.045768779981581194,39,0.14828587868850107,-0.0469218950422462,0.0003478126690180997,0.005550248354465968,4.0
6.199999999999994,18.466852383830286,4.4369046391892795,0.6397239645045365,3.995277599197729,0.005194640882498148,-0.0032404342043750086,-0.0016202213554361875,-0.005178585003959962,40,0.13550581881391502,-0.041207677428405254,-0.004778252050311065,-0.0762716207945806,4.0
6.299999999999994,18.78776376839256,4.67489269394169,0.6392061060041405,3.9957970632859787,0.004623230385423405,-0.005246802934861308,-0.002623419522420991,-0.00838611199942611,41,0.11902466535094801,-0.037973374442407115,-0.009836391066438094,-0.15705169698650795,4.0
6.399999999999993,19.109078546663422,4.9124232287669924,0.6383674948041979,3.996259386324521,0.00411467504302685,-0.027432852967522164,-0.013719007582700215,-0.04385839445524641,42,0.10321126746611317,-0.03245999827068369,-0.014855375184880077,-0.2372416650607558,4.0
6.499999999999993,19.433242615202676,5.146129342285544,0.6339816553586732,3.9966708538288236,0.003662060788294053,0.010640285078940423,0.00532029312460328,0.017010688122284793,42,0.08476349718525655,-0.03684583771620831,-0.014855375184880077,-0.2372905218800418,4.0
6.5999999999999925,19.75398042132768,5.384584870341758,0.6356827241709018,3.997037059907653,0.003259234101581932,-0.04982022218387001,-0.024925577751190912,-0.07969451365068256,43,0.07531264421226024,-0.026198769343083628,-0.019860202719417568,-0.31729266113664256,4.0
6.699999999999992,20.081423308476,5.613810105075466,0.6277132728058336,3.997362983317811,0.0029007183504078608,-0.03990666477003299,-0.019961279678212093,-0.06382974533563149,44,0.05762591273954967,-0.022626265243992028,-0.024870948125262134,-0.39741066211234505,4.0
6.799999999999992,20.40958032915074,5.84206890115105,0.6213302982722704,3.9976530551528517,0.002581639331863084,-0.07478731100334894,-0.037446015694047555,-0.11972895791692179,45,0.0423254469280635,-0.014863500474624147,-0.029901494154797866,-0.47786265391765526,4.0
6.8999999999999915,20.743115583176227,6.062447062083306,0.6093574024805782,3.997911219086038,0.0022976590053582326,-0.07707442512587401,-0.038594529912075445,-0.12340736132615107,46,0.021501769685994293,-0.010075520524389758,-0.03495811204199345,-0.5587457864965658,4.0
6.999999999999991,21.07953543844057,6.278443872571007,0.5970166663479631,3.998140984986574,0.0020449165147687245,-0.020744471836388723,-0.010373351917393444,-0.033178703714315756,46,0.0020515965847222456,-0.022416256657004863,-0.03495811204199345,-0.558810012243905,4.0
7.099999999999991,21.41250202836317,6.499768438206201,0.5936987959765315,3.998345476638051,0.001819975698144072,-0.10819417032826985,-0.05425586429531576,-0.17346181920766296,47,-0.005483699660936968,-0.006346127295232318,-0.04003788906919788,-0.6400763857261627,4.0
7.19999999999999,21.755558053947965,6.705146696099982,0.5763526140557652,3.998527474207865,0.001619778371348346,-0.088550240303304,-0.0443620824431955,-0.14185986378235954,48,-0.025946351823390484,-0.00166802103719077,-0.04512704906084345,-0.721501276874609,4.0
7.29999999999999,22.100150784517982,6.907971915582792,0.5621666276775292,3.998689452045,0.001441602750500204,-0.13507491792163162,-0.06784692799402754,-0.21687256202650534,49,-0.043015407882809734,0.008808866374045876,-0.050199271110539116,-0.8026621155709069,4.0
7.39999999999999,22.452152086219336,7.097682898236703,0.5404793714748787,3.9988336123200496,0.0012830264479454013,-0.026588446943510258,-0.01329657345996491,-0.04253537451079772,49,-0.06660918374524612,-0.012878389828604675,-0.050199271110539116,-0.8027199915718106,4.0
7.499999999999989,22.797742417460103,7.29886447180422,0.5362258340237989,3.9989619149648443,0.001141893538671246,-0.16330368653368654,-0.08219986514978728,-0.2626752626192515,50,-0.06787036059256377,0.010160352714462695,-0.05521418477934887,-0.8829684798179395,4.0
7.599999999999989,23.157124586726688,7.474253811236912,0.5099583077618737,3.9990761043187115,0.0010162852494173258,-0.11731988480536122,-0.0588624869211377,-0.18820772451309917,51,-0.09005091154910015,0.013788763781421243,-0.06011630084889373,-0.9614165353707314,4.0
7.699999999999989,23.517029405899443,7.648594334402228,0.49113753531056376,3.9991777328436533,0.0009044938719813711,-0.18600687593053294,-0.0938148865447923,-0.2997058422321524,52,-0.10466135483539725,0.027419855676881877,-0.06483471292066748,-1.0369289589267314,4.0
7.799999999999988,23.88579370512399,7.803342894996996,0.4611669510873485,3.9992681822308516,0.0008049995460632787,-0.03874496087496697,-0.01937975352301617,-0.06199998420610873,52,-0.1311944034330678,-0.0025507285463333695,-0.06483471292066748,-1.0369758638935962,4.0
7.899999999999988,24.24732314189554,7.974333907280353,0.45496695266673765,3.999348682185458,0.0007164495959964157,-0.21018372092725796,-0.10626544916407774,-0.339354540032781,53,-0.12640413658620986,0.026146589393657438,-0.06841739809360325,-1.0943219067597076,4.0
7.999999999999988,24.6231887988846,8.110982751816882,0.42103149866345957,3.9994203271450575,0.0006376401404367904,-0.12084269129025837,-0.060642735655374605,-0.19390972888404073,54,-0.1487011444831522,0.027658536802926015,-0.06730657823363133,-1.0765931479836106,4.0
8.099999999999987,24.997438476135663,8.252017529830267,0.4016405257750555,3.999484091159101,0.0005674997249889291,-0.20049148010061396,-0.10126332859021499,-0.3234474096096236,55,-0.15643613763994324,0.0433080404704671,-0.06644887199740966,-1.0629077171604648,4.0
8.199999999999987,25.37947917594657,8.370354479437477,0.36929578481409314,3.9995408411316,0.0005050747552399759,-0.15466996890655116,-0.07780028010288326,-0.24868126777898084,56,-0.17835674305125188,0.04570529357364911,-0.06584094182251622,-1.0532132314225662,4.0
8.299999999999986,25.76256126149394,8.485295269114054,0.3444276580361951,3.999591348607124,0.00044951653216340764,-0.08370913201651041,-0.04192801564270121,-0.13411663959462458,56,-0.19119106031530342,0.02083716679575104,-0.06584094182251622,-1.0532398322147587,4.0
8.399999999999986,26.144360176038926,8.604446007302275,0.3310159940767326,3.9996363002603403,0.0004000697136256282,-0.18271903311110838,-0.09212845793836004,-0.29436743225344153,57,-0.18871267041516795,0.04197666165075925,-0.0654797614839888,-1.0474856726276824,4.0
8.499999999999986,26.532965562637237,8.699086161837117,0.3015792508513884,3.9996763072317028,0.0003560620451269703,-0.14604817348251367,-0.07341557356475104,-0.23469985878497474,58,-0.2020319951134991,0.04700715338341216,-0.06536279441552564,-1.0456354577859843,4.0
8.599999999999985,26.922567389635873,8.789554510034883,0.27810926497289096,3.9997119134362156,0.00031689522016287164,-0.1914636639387204,-0.09661726895159886,-0.308672232575506,59,-0.210009669224086,0.058026757858505335,-0.06548807399307596,-1.0476582594506798,4.0
8.699999999999985,27.315969248720666,8.86174821594797,0.24724204171534037,3.999743602958232,0.0002820367459449802,-0.0599320229588584,-0.029992943992926006,-0.09595688042349401,59,-0.22544093114493569,0.027159534600954743,-0.06548807399307596,-1.0476748606068216,4.0
8.799999999999985,27.706541845464756,8.94796037034996,0.23764635367299097,3.9997718066328263,0.0002510127038910959,-0.20666189615042896,-0.10444611462938348,-0.33360118479505135,60,-0.21430150793425115,0.05218155651541903,-0.06585419335082401,-1.0535468771213718,4.0
8.899999999999984,28.10297601091361,9.001080023174659,0.20428623519348582,3.999796907903215,0.00022340130646330005,-0.1412909078492282,-0.07099979592913803,-0.2269969849502268,61,-0.22702582411052227,0.05367261755564251,-0.06646020753267491,-1.0632553429208385,4.0
8.999999999999984,28.49940808382731,9.054234182090699,0.18158653669846314,3.9998192480338615,0.00019882716275239077,-0.2104374484329052,-0.1063965997984388,-0.33981176158261606,62,-0.22988686272674178,0.06616255882147143,-0.06730544623967183,-1.0767898172997867,4.0
9.099999999999984,28.8982598869844,9.084280467847185,0.14760536054020154,3.9998391307501366,0.0001769561748496962,-0.058077555752735696,-0.02906328550525343,-0.09298568157553089,62,-0.24597541042810633,0.03218138266320983,-0.06730544623967183,-1.0768005225633548,4.0
9.199999999999983,29.295436757786863,9.13158442136444,0.13830679238264845,3.9998568263676217,0.00015749099561608305,-0.22397857949829636,-0.11341159208019921,-0.36212664789826365,63,-0.23056066652215318,0.058515524550787096,-0.06838923128497446,-1.094149369684212,4.0
9.299999999999983,29.69529849706232,9.141541116498944,0.10209412759282208,3.9998725754671836,0.0001401669860980892,-0.14863341747418535,-0.07472943401767126,-0.23890406651376506,64,-0.24234950865862473,0.058482739397525005,-0.06971048933785655,-1.1152967679253045,4.0
9.399999999999983,30.095136003434245,9.152485279236574,0.07820372094144556,3.9998865921657933,0.00012474861762732382,-0.22815121608907446,-0.11557960464067749,-0.369021362230914,65,-0.24272957986677116,0.0714226965820499,-0.07126724797132855,-1.1402113103439104,4.0
9.499999999999982,30.49484531175802,9.137538830119581,0.04130158471835416,3.999899067027556,0.0001110262696883524,-0.18995421259932482,-0.09584164129647037,-0.30621621276801914,66,-0.2583894263652244,0.07210348227167454,-0.07305600195196241,-1.168837041900199,4.0
9.599999999999982,30.89424045737249,9.115734171817381,0.010679963441552247,3.999910169654525,9.881338002255547e-05,-0.09997840747022854,-0.050114435515678214,-0.16029547669127436,66,-0.2678835586626603,0.04148186099487263,-0.07305600195196241,-1.1688435306537683,4.0
9.699999999999982,31.293920506106492,9.099964825063534,-0.005349584227575189,3.999920050992527,8.794390822028931e-05,-0.22554170671411633,-0.1142233989763134,-0.36471329411750925,67,-0.2581610082058173,0.06388794717930296,-0.0750709378923418,-1.2010869919815141,4.0
9.799999999999981,31.69105643407582,9.052250478591413,-0.04182091363932612,3.9999288453833493,7.8270078315823e-05,-0.18051718718132237,-0.0909999215446582,-0.2907928389188588,68,-0.26905009302644406,0.06680225157006313,-0.0773030098704887,-1.2368041545909365,4.0
9.89999999999998,32.08752629035229,8.999279158564306,-0.070900197531212,3.999936672391181,6.966036970101896e-05,-0.24182180391760572,-0.12270467217763606,-0.39166416086672134,69,-0.2735060020004396,0.07815176763258176,-0.0797388677214044,-1.2757814864876722,4.0
9.99999999999998,32.48004689361586,8.922321313967418,-0.11006661361788414,3.999943638428151,6.199772903410229e-05,-0.21887782823818416,-0.11076548709920173,-0.35372022921548024,70,-0.290226975411104,0.0805447554541317,-0.08235965491697607,-1.3177173435763785,4.0
10.09999999999998,32.87032760331945,8.834705911558512,-0.14543863653943218,3.9999498382010543,5.517797884024845e-05,-0.10494863950991848,-0.05261920930756043,-0.1683016680277249,70,-0.30231325782553864,0.045172732532583665,-0.08235965491697607,-1.3177214284112415,4.0
10.19999999999998,33.262502915474116,8.756000691797437,-0.16226880334220467,3.9999553559989383,4.9108401167918815e-05,-0.2561121150408529,-0.1301908163173623,-0.415430071965095,71,-0.2913202877462808,0.07111229317171669,-0.08513971570938213,-1.3622050436993367,4.0
10.29999999999998,33.64551369822333,8.640678669626132,-0.20381181053871417,3.999960266839055,4.37064770394624e-05,-0.19867306803792914,-0.10032650455563838,-0.3205033273958557,72,-0.3048367236001957,0.07361894757974147,-0.08804528245656904,-1.4086965329050776,4.0
10.399999999999979,34.02715204986755,8.520891400197392,-0.23586214327829974,3.999964637486759,3.889876456533159e-05,-0.27393293150700826,-0.13958479882590882,-0.4452183480632988,73,-0.3093841463006406,0.08695492685735723,-0.09103325350299461,-1.4565063028446925,4.0
10.499999999999979,34.399286290484,8.374217346690076,-0.2803839780846296,3.9999685273632153,3.4619900463184196e-05,-0.2436184159885006,-0.12364365897269103,-0.39464924910039745,74,-0.3284059064817345,0.08919673708087772,-0.09405021719831358,-1.5047797951995734,4.0
10.599999999999978,34.76707743336029,8.216968634705808,-0.3198489029946694,3.9999719893532615,3.081171141237072e-05,-0.11854036787379553,-0.05947913073834844,-0.19021968039613257,74,-0.342181842048834,0.04973181217083794,-0.09405021719831358,-1.5047823999875316,4.0
10.699999999999978,35.138640300187795,8.06885113016623,-0.33887087103428265,3.999975070524403,2.7422423156897583e-05,-0.28761966349298274,-0.14684644690999085,-0.46821868980915066,75,-0.32902635563550175,0.07887206512279044,-0.09703192285428475,-1.5524914140892356,4.0
10.799999999999978,35.49237421633886,7.882115160913929,-0.3856927400151977,3.9999778127667187,2.4405956609419022e-05,-0.22204451735800956,-0.11240773285592319,-0.35894572443316736,76,-0.34299799666108394,0.08160926776042632,-0.09990343472686998,-1.5984372230326043,4.0
10.899999999999977,35.84376893117368,7.69101314780989,-0.42158731245851444,3.99998025336238,2.1721301382182646e-05,-0.30131040489859634,-0.15415352898876783,-0.49133748150628603,77,-0.34611571497722393,0.0965841687159309,-0.10108741633237114,-1.6173826922647292,4.0
10.999999999999977,36.17928294557125,7.473231682997769,-0.47072106060914304,3.9999824254925183,1.9331958229917846e-05,-0.22524032847281555,-0.1140668453562424,-0.364221272101278,78,-0.36428172695160066,0.09650404997992407,-0.09373377866178029,-1.4997272800174806,4.0
11.099999999999977,36.51281315428923,7.252423635329596,-0.5071431878192708,3.9999843586883412,1.7205442824641538e-05,-0.25566326724707894,-0.12995506545149008,-0.41468505716813825,79,-0.3707407333166764,0.10545602833458567,-0.08601000827317527,-1.3761493699170855,4.0
11.199999999999976,36.83434201239967,7.014478385114943,-0.5486116935360846,3.999986079232624,1.5312844113779534e-05,-0.1003774218118387,-0.050315450616592726,-0.16094095401817854,79,-0.38053932958423936,0.06398752261777185,-0.08601000827317527,-1.3761505537849346,4.0
11.299999999999976,37.16471723054012,6.788976496920636,-0.5647057889379025,3.999987610517035,1.3628431261381025e-05,-0.23693439449129572,-0.12015339716620939,-0.3835652116684797,80,-0.3616332894220129,0.08950743808201989,-0.07815581396807085,-1.2504852770201242,4.0
11.399999999999975,37.47451952239076,6.5359516981222,-0.6030623101047504,3.9999889733601615,1.2129303822394633e-05,-0.14629094101110549,-0.07353891981242444,-0.2351118478345581,81,-0.36521032200857945,0.08899472923195373,-0.07035515069548103,-1.1256762048889906,4.0
11.499999999999975,37.78640080121364,6.285493745982861,-0.6265734948882062,3.999990186290544,1.0795080401804215e-05,-0.2012328737600018,-0.10164543294951292,-0.3247047822370389,82,-0.35454386940911503,0.09959961728339328,-0.06273769159080642,-1.003798139943127,4.0
11.599999999999975,38.08494445384954,6.019277851688355,-0.6590439731119101,3.999991265798584,9.607621557483626e-06,-0.14521965979595033,-0.07299466859838687,-0.23337505490326607,83,-0.3544825117452853,0.09759590608132718,-0.055384991964907225,-0.8861560014933387,4.0
11.699999999999974,38.382469142803615,5.751923478753424,-0.6823814786022367,3.9999922265607397,8.550783186311862e-06,-0.10158897431926713,-0.0509258797657232,-0.16289206863593295,83,-0.3446430308193028,0.07425840059100053,-0.055384991964907225,-0.8861564271868946,4.0
11.799999999999974,38.67965446682941,5.484191782256452,-0.69867068546583,3.9999930816390585,7.610197035612388e-06,-0.1437274938457398,-0.07223680386653056,-0.23095638914465347,84,-0.32666224164169133,0.08488669062629683,-0.048338746821753376,-0.773417273751184,4.0
11.899999999999974,38.966565426102875,5.20547768505219,-0.7217663243802953,3.9999938426587622,6.7730753615435905e-06,-0.11127443946919116,-0.055809979093988715,-0.1784989611188334,85,-0.31669039529776344,0.08526907792524585,-0.041609311364457495,-0.6657469322110675,4.0
11.999999999999973,39.25161138098809,4.924856390392184,-0.7396162204921787,3.9999945199662985,6.028037071637016e-06,-0.12052852072389374,-0.06048392395628068,-0.19343030329858962,86,-0.3030369254496103,0.08756792815089975,-0.035183402288519634,-0.5629328941675286,4.0
12.099999999999973,39.530264945879274,4.637886440099411,-0.7589592508220376,3.9999951227700055,5.364952993991424e-06,-0.06268490829458118,-0.0313732736569059,-0.10037788470337651,86,-0.29220466304945536,0.0682248978210408,-0.035183402288519634,-0.5629330638367914,4.0
12.199999999999973,39.81170822946969,4.353651875094226,-0.7689970392923753,3.9999956592653048,4.774808164764722e-06,-0.10415405059373069,-0.052218642842484134,-0.16702354534492905,87,-0.2711610497048179,0.07510996614078469,-0.029030478258348588,-0.46448664402529083,4.0
12.299999999999972,40.084240678706344,4.060862331472049,-0.7856993938268682,3.9999961367461214,4.249579266435433e-06,-0.06640899006771597,-0.033241144663419445,-0.10635197164065023,88,-0.2585600568901617,0.07219578054366449,-0.02310768207425595,-0.3697221990217009,4.0
12.399999999999972,40.357438592897765,3.768693560688286,-0.7963345909909332,3.999996561704048,3.782125547147075e-06,-0.0756354427525794,-0.03787188496102418,-0.12116095973936872,89,-0.24163816676666722,0.07228910604068584,-0.01736344581569823,-0.27781465544605327,4.0
12.499999999999972,40.62614464508211,3.472388342280058,-0.8084506869648701,3.9999969399166027,3.3660917370781365e-06,-0.043531730354929805,-0.021776181705796375,-0.06967822091799716,89,-0.22787400792187734,0.06017301006674891,-0.01736344581569823,-0.27781470798259617,4.0
12.599999999999971,40.89602777029404,3.1771547840261536,-0.8154185090566698,3.9999972765257765,2.995821645823682e-06,-0.054131675517809966,-0.027085679629983078,-0.08666351834399459,90,-0.2094247135451065,0.06093003985733647,-0.011739963100369184,-0.18783915381809893,4.0
12.69999999999997,41.162265992259904,2.878630092775006,-0.8240848608910692,3.999997576107941,2.6662812649735915e-06,-0.02918268246359277,-0.014594448495491883,-0.046700548990728334,91,-0.19455360419312284,0.05701964501489576,-0.006174765609618055,-0.09879613001820253,4.0
12.79999999999997,41.42964410488875,2.5811258894841473,-0.828754915790142,3.9999978427360676,2.372990325616442e-06,-0.024322178305858724,-0.012162887947830435,-0.038920260808713754,92,-0.17723677297725918,0.05414864036794553,-0.0006016393675693296,-0.009626219497952811,4.0
12.89999999999997,41.696355604476935,2.2830238878029188,-0.8326469418710134,3.9999980800351,2.111961389950068e-06,-0.02709609763000174,-0.013550536010804802,-0.04336036744261877,92,-0.16044741480426422,0.050256614287074175,-0.0006016393675693296,-0.009626220640099747,4.0
12.99999999999997,41.96148952839816,1.9835178798682245,-0.8369829786152753,3.999998291231239,1.8796456372704996e-06,0.0004649635588409983,0.00023248179198562342,0.0007439414098464985,93,-0.14609637310638968,0.04475071903452554,0.005048896024507834,0.08078226737297364,4.0
13.09999999999997,42.22944102105511,1.6865298988295299,-0.8369085844742906,3.9999984791958028,1.6728846169655754e-06,0.00927804856227189,0.004639124117621209,0.01484513828388854,94,-0.1290799913008595,0.04064944418113159,0.010849329345910314,0.17358913753694527,4.0
13.199999999999969,42.498720645698626,1.3907455819911738,-0.8354240706459017,3.9999986464842645,1.4888673090407424e-06,0.031869832409599404,0.01593896345110598,0.051002506184778786,95,-0.11183635650420423,0.034890035865333235,0.016874897393965884,0.2699981755799718,4.0
13.299999999999969,42.771759584733914,1.0984278960923495,-0.8303238200274239,3.9999987953709955,1.3250919050022959e-06,0.045881390898765605,0.022952774931770423,0.07344240865643925,96,-0.09153117670143508,0.029589803383049174,0.02320306926306457,0.37124888460034494,4.0
13.399999999999968,43.048319567997005,0.8094391778225664,-0.82297957916178,3.9999989278801857,1.1793317956865224e-06,-0.0003989924547433202,-0.00019949623531135985,-0.0006383877776547524,96,-0.07052382073259258,0.036934044248693065,0.02320306926306457,0.3712489091972973,4.0
13.499999999999968,43.32027685352248,0.5161148708174352,-0.8230434179395455,3.9999990458133654,1.0496052980535355e-06,0.07846013127598081,0.03929053365440079,0.12569733108329426,97,-0.05973140074825255,0.02319911358343396,0.02991246614770345,0.4785992300266792,4.0
13.599999999999968,43.60358447059244,0.23373796351936799,-0.8104736848312161,3.999999150773895,9.341487154923557e-07,0.06805595132137528,0.03406742242153367,0.10899464274696903,98,-0.037694687374260724,0.018688164235248883,0.03708082301379997,0.593292916300803,4.0
13.699999999999967,43.88895894742794,-0.0465499956097834,-0.7995742205565192,3.9999992441887664,8.313923569591709e-07,0.11551056128928715,0.05794857754188034,0.18533164733666668,99,-0.01793388154379405,0.008935278099883481,0.04478148930012364,0.7165035580311825,4.0
13.799999999999967,44.183907464495846,-0.31674494710694,-0.7810410558228525,3.999999327328002,7.399391979134863e-07,0.014418890049701372,0.00720981976314586,0.023071219481542993,99,0.008799713349677815,0.0274684428335501,0.04478148930012364,0.7165035878159675,4.0
13.899999999999967,44.47000275591748,-0.5962971433290732,-0.7787339338746982,3.9999994013219218,6.585458860453032e-07,0.15351818379607332,0.07721402948856021,0.2468394103134793,100,0.013835103286739883,0.005369736827732896,0.053077847818446516,0.8492453108828119,4.0
13.999999999999966,44.77554757216218,-0.8544488765631271,-0.7540499928433503,3.9999994671765102,5.861058387512941e-07,0.11844814953895712,0.059432533159662494,0.1900721383569916,101,0.03929722885930582,0.0016983689725278417,0.06201494287506291,0.9922388216568779,4.0
14.099999999999966,45.08286697876036,-1.1104854749280293,-0.7350427790076511,3.999999525787094,5.216341964153771e-07,0.19608053691203806,0.0989917428925676,0.3162564298693198,102,0.05798347061226968,-0.01180088788846001,0.07160762732416634,1.1457217655285894,4.0
14.199999999999966,45.4046460609828,-1.348094785156086,-0.7034171360207192,3.999999577950514,4.6425443462894127e-07,0.19113629653836833,0.09644902351408324,0.30815855390819574,103,0.08932865042793092,-0.017027833653491253,0.0818247958549034,1.3091964574055648,4.0
14.299999999999965,45.73319847336951,-1.5762466612187473,-0.6726012806298997,3.9999996243759575,4.1318644679044785e-07,0.24089342780464176,0.12221970402365183,0.390130049402597,104,0.12022817463682076,-0.027581742052180003,0.09256996129456666,1.4811191025410548,4.0
14.399999999999965,46.07412844726666,-1.7854516392870692,-0.6335882756896399,3.999999665694602,3.6773593783401285e-07,0.06297773967353684,0.031520123573164784,0.10084768606670204,104,0.1580268738335587,0.011431262888079718,0.09256996129456666,1.481119133139975,4.0
14.499999999999964,46.40379485336702,-2.01199089404095,-0.6235035070829698,3.999999702468196,3.272849844915271e-07,0.29363220435645476,0.15005001366078435,0.4783602343316367,105,0.15896370842091911,-0.024495498990719677,0.10365977327414892,1.6585561256497572,4.0
14.599999999999964,46.75979440080885,-2.1943759219864054,-0.5756674836498061,3.9999997351966945,2.912836360557947e-07,0.2148228459497799,0.10866506996839016,0.347044270054019,106,0.19422402444734566,-0.02736299087454952,0.11480420729587189,1.8368670735296895,4.0
14.699999999999964,47.116963115681656,-2.374460590772635,-0.5409630566444042,3.999999764325058,2.5924243596264773e-07,0.3395346076422814,0.17480416658097375,0.5565289012622495,107,0.21339709201290186,-0.0479979195539364,0.1255948693735914,2.009517673180961,4.0
14.799999999999963,47.49044688127266,-2.5176732228480585,-0.48531016651817926,3.999999790249302,2.307257679579067e-07,0.3007891690886497,0.15387451143578101,0.49045759369974623,108,0.2524661689301033,-0.05212469757413324,0.13551029833359424,2.1681645459504764,4.0
14.899999999999963,47.86867732332761,-2.647833569816183,-0.43626440714820464,3.9999998133218786,2.053459335460417e-07,0.3718162572925263,0.19256118158574623,0.6123947361143198,109,0.28345788656828197,-0.06693513291550601,0.143947547048291,2.3031605377977997,4.0
14.999999999999963,48.25685772522068,-2.7443527940768773,-0.37502493353677263,3.9999998338564717,1.827578810953412e-07,0.31701466135300926,0.16259166730041474,0.5180039252660374,110,0.32604028340309676,-0.07202822130980091,0.14273958596909006,2.2838331857833776,4.0
15.099999999999962,48.6478660215538,-2.828688426565061,-0.3232245410101689,3.9999998521322597,1.6265451430186317e-07,0.33111341981089004,0.1702213433283873,0.5420815720683161,111,0.35728013633884265,-0.08419617089717676,0.13534911605300917,2.165585696738006,4.0
15.199999999999962,49.043193137900076,-2.8896511959568696,-0.26901638380333726,3.999999868397711,1.447625179729073e-07,0.29304004523651594,0.14973412648750864,0.47736074959171043,112,0.3893659387471264,-0.09092650707608352,0.1274897666125725,2.0398361315776015,4.0
15.299999999999962,49.44035084590637,-2.9372510325427243,-0.22128030884416622,3.9999998828739627,1.2883864104473732e-07,0.13747167355583656,0.06906212680211492,0.22082316270820954,112,0.4128754296482939,-0.04319043211691248,0.1274897666125725,2.0398361463421923,4.0
15.399999999999961,49.835725700203696,-2.9979034456792664,-0.19919799257334525,3.999999895757827,1.146663904272316e-07,0.30259381399731694,0.15484082040636124,0.4935130305371052,113,0.4004012168473263,-0.07893928551619832,0.11948207917894065,1.911713167222479,4.0
15.499999999999961,50.23533224256243,-3.0156404963001266,-0.14984668951963473,3.999999907224466,1.0205308731414676e-07,0.21067676092576773,0.10652030903631007,0.34022073820075044,114,0.4118041028132142,-0.08431938815195925,0.11158156127035618,1.7853048975093884,4.0
15.59999999999996,50.63495685697053,-3.032965626519911,-0.11582461569955968,3.9999999174297747,9.082724785614005e-08,0.2867331239563719,0.14637479751958402,0.4667285119551246,115,0.4056335719995766,-0.10200352022118123,0.10397784496067408,1.6636454506869933,4.0
15.69999999999996,51.034770200512966,-3.020747454815443,-0.06915176450404723,3.9999999265124995,8.083625058219468e-08,0.22929472039231114,0.1161742854814765,0.3709220350523619,116,0.412231056440143,-0.10413594220850789,0.09680095347609015,1.548815198708162,4.0
15.79999999999996,51.43432805115453,-3.001945377491494,-0.032059560998811035,3.9999999345961244,7.194426321355252e-08,0.26220954436209115,0.13339748509823995,0.4256070481449513,117,0.40975778340243507,-0.1131067657468821,0.09013117762647188,1.4420987948641237,4.0
15.89999999999996,51.832275926741644,-2.9614795513737544,0.010501143815684101,3.9999999417905507,6.403039418678703e-08,0.22535348673790823,0.11412562455025455,0.3644097375105895,118,0.41438870407277806,-0.11404727546138507,0.08400994893535425,1.3441591438442855,4.0
15.99999999999996,52.22917357323594,-2.911757790035938,0.046942117566743054,3.99999994819359,5.698705081158551e-08,0.12378552715397678,0.06213076785478162,0.19869056500978846,118,0.4144200437078377,-0.07760630171032612,0.08400994893535425,1.3441591481476376,4.0
16.09999999999996,52.626796547218895,-2.868215093559521,0.0668111740677219,3.9999999538922952,5.071847524185103e-08,0.23424008663768509,0.11874885056525873,0.3791038738771576,119,0.3920254918827499,-0.09886886290874915,0.07845007436326544,1.2552011608750242,4.0
16.19999999999996,53.01992977545037,-2.794416305143428,0.10472156145543766,3.9999999589641426,4.5139443116681836e-08,0.17537869624598143,0.08836884260764288,0.2824123961004045,120,0.3883033734162384,-0.09991703095781461,0.07344450681250633,1.175112084889235,4.0
16.29999999999996,53.41249612997912,-2.7176591946640403,0.13296280106547811,3.999999963478087,4.017410435430691e-08,0.2228265657671174,0.11281357021891726,0.3602381660281327,121,0.37637502165780473,-0.10865682246327774,0.06897338546978102,1.1035741473641765,4.0
16.399999999999963,53.80047561397663,-2.620335420203357,0.16898661766829137,3.9999999674954974,3.575495290952802e-08,0.186726604426705,0.09418426193598331,0.30094424507667156,122,0.37492636350877717,-0.10782748786334262,0.06500941129288419,1.0401505637813586,4.0
16.499999999999964,54.18670359073922,-2.5162779967991904,0.19908104217595854,3.999999971070993,3.182190790873563e-08,0.10942038997429468,0.054874445080540304,0.17551010922216853,122,0.36946924248177154,-0.07773306335567545,0.06500941129288419,1.0401505656408854,4.0
16.599999999999966,54.573874084467455,-2.415784183696517,0.2166320530981754,3.9999999742531838,2.83214978580304e-08,0.19902040554831588,0.1005054091741438,0.32107611987961965,123,0.34782542914788533,-0.09377420062756187,0.061521784604282426,0.9843485409965982,4.0
16.699999999999967,54.95392687659215,-2.2910449631663328,0.24873966508613737,3.9999999770853334,2.5206133269506382e-08,0.15448924752199567,0.07770828382192664,0.24841631703346648,124,0.3424910401518641,-0.09383269833951013,0.05847898482614241,0.935663746498067,4.0
16.79999999999997,55.33280183056862,-2.162772723706061,0.273581296789484,3.999999979605947,2.2433458424231393e-08,0.19201372444172168,0.096899999823343,0.30959497058093177,125,0.3322938883418128,-0.09989911765149523,0.05585066494948306,0.8936106300795575,4.0
16.89999999999997,55.7056631060056,-2.0179470780213915,0.3045407938475772,3.999999981849293,1.9965777875441407e-08,0.07677457344503563,0.03844393705180614,0.12299029747892509,125,0.3310942430150808,-0.06893962059340203,0.05585066494948306,0.8936106310818965,4.0
16.99999999999997,56.08236514368027,-1.8834272900357727,0.3168398235954697,3.9999999838458704,1.7769542548506934e-08,0.1931901477558208,0.09750483190106762,0.31152129729235595,126,0.3073419110099581,-0.08645040253384562,0.05360889782488416,0.8577423582701058,4.0
17.099999999999973,56.44851728310956,-1.7223912397270786,0.3479919533247053,3.9999999856228245,1.5814892995180686e-08,0.13198878104845801,0.06628306902744109,0.2119505416887745,127,0.30455339421610816,-0.08416204775084257,0.0517289672022754,0.8276634692866749,4.0
17.199999999999974,56.81468063526035,-1.5613806860620447,0.36918700749358274,3.9999999872043137,1.4075254917145231e-08,0.18299047636813834,0.09226763086828978,0.29483766094104713,128,0.2943607916732195,-0.09103013152365835,0.05018985387923633,0.8030376569300722,4.0
17.299999999999976,57.17284294043263,-1.3832802589709612,0.39867077358768743,3.9999999886118394,1.2526976700399928e-08,0.06550613129234395,0.03278823965583982,0.10490356781915731,128,0.29485579128314665,-0.06154636542955366,0.05018985387923633,0.8030376574952203,4.0
17.399999999999977,57.536185564359236,-1.2160016389172386,0.40916113036960317,3.999999989864537,1.1149009448985226e-08,0.1826330796891429,0.09208439052613143,0.29425378129945023,129,0.27338192668402594,-0.0784581073019861,0.048974530862871755,0.7835924898349117,4.0
17.49999999999998,57.88697946219512,-1.0237943538568894,0.43858650849954817,3.999999990979438,9.922618282587337e-09,0.12197837408870771,0.06121689351205145,0.19577172929349645,130,0.2729860981892622,-0.07590871606579874,0.04807015240469812,0.7691224350062116,4.0
17.59999999999998,58.23805018101406,-0.8320931549396391,0.4581636814288978,3.9999999919716998,8.83113027150273e-09,0.1741404716627514,0.0877353671834671,0.28039313034683494,131,0.26525649279973046,-0.08281290368106681,0.047468199807903885,0.7594911938777504,4.0
17.69999999999998,58.579914525201396,-0.6244184826006708,0.4862029944635813,3.999999992854813,7.859705819512897e-09,0.059720623989059626,0.029886960345368377,0.09562403573476654,131,0.26722547024511734,-0.05477359064638332,0.047468199807903885,0.7594911942131088,4.0
17.799999999999983,58.92781667046898,-0.4270252285452276,0.49576539803705794,3.9999999936407833,6.995138379650712e-09,0.17540959345891946,0.08838465225436182,0.28246279197794566,132,0.24883324794427153,-0.07142727026339085,0.04716463103185367,0.7546340941102179,4.0
17.899999999999984,59.26148912049522,-0.20642900105085377,0.5240116772348525,3.999999994340297,6.225673221393891e-09,0.11777186058731684,0.05909083020674798,0.18898063347065522,133,0.2510699615711462,-0.06926038646675481,0.0471600701508602,0.7545611202784672,4.0
17.999999999999986,59.595392471461345,0.013817569321571466,0.5429097405819181,3.9999999949628644,5.5408491572706005e-09,0.17034601678568445,0.0857953972565461,0.2742085803806242,134,0.24626837000560137,-0.0764343121772556,0.04746006553069664,0.759361046578644,4.0
18.099999999999987,59.91890834783669,0.24905676106079333,0.5703305986199805,3.999999995516949,4.931355901405255e-09,0.05636318692633603,0.028203993133077185,0.09024081290948793,134,0.2500127493454354,-0.049013454139193224,0.04746006553069664,0.7593610467890192,4.0
18.19999999999999,60.24937321153797,0.4744297263877166,0.5793546799109293,3.999999996010085,4.388906571506368e-09,0.160519730239541,0.08078021687190046,0.25821565118530077,135,0.23437772674652207,-0.06543203784878415,0.04479504857780699,0.7167207758150843,4.0
18.29999999999999,60.5653370179504,0.7197190916650908,0.6051762450294593,3.9999999964489756,3.906126799790855e-09,0.09555059118520795,0.04788459100745243,0.1531721398225936,136,0.2370717455040105,-0.0631854719069368,0.04149089739952669,0.6638543572137455,4.0
18.39999999999999,60.88302809604542,0.9627671910502567,0.6204934590117187,3.9999999968395885,3.476452636874683e-09,0.1363966742837373,0.06851700880445093,0.21908291700436078,137,0.23080807542232376,-0.06951533554735789,0.03807920400281985,0.6092672630823499,4.0
18.499999999999993,61.19177830033362,1.2170766700304212,0.6424017507121548,3.999999997187234,3.094042622109328e-09,0.04864149261016758,0.02433514050773482,0.07786476379895267,137,0.2304087447918112,-0.047607043846921826,0.03807920400281985,0.6092672631882544,4.0
18.599999999999994,61.506115833751,1.4644466659071613,0.65018822709205,3.999999997496638,2.753698158386442e-09,0.12318474010178444,0.06182691697824697,0.19772011158966837,138,0.2158100182359529,-0.05950856229825019,0.03458210438104222,0.5533136694041033,4.0
18.699999999999996,61.80893455281806,1.7257909277196462,0.6699602382510169,3.999999997772008,2.450791214414494e-09,0.07376062526775351,0.03693054396392664,0.1181508793683346,139,0.21439030543178839,-0.05744152297749128,0.03101576944840108,0.49625231062159414,4.0
18.799999999999997,62.11308851274884,1.9855800123251912,0.6817753261878504,3.999999998017087,2.1812042394486756e-09,0.0628237236460844,0.031442886670456506,0.10060065882395094,139,0.20618648908377785,-0.045626435040657776,0.03101576944840108,0.4962523106824047,4.0
18.9,62.415592597660776,2.2472883967016912,0.6918353920702455,3.9999999982352077,1.9412715435151996e-09,0.08228354270242702,0.04121152779869676,0.13183956233546743,140,0.19426490906110794,-0.05126936683719696,0.027390547941317216,0.4382487666743664,4.0
19.0,62.71284821679166,2.51494320565145,0.7050193483037922,3.9999999984293346,1.7277319130926118e-09,0.06882305985351547,0.034452326751061225,0.1102256369179945,141,0.18661485807805356,-0.0517703663135084,0.023711260721847188,0.37938017125161533,4.0
19.1,63.008378096185055,2.784502272017383,0.7160419119955916,3.999999998602108,1.5376812267930974e-09,0.07001667452812228,0.035051295542537296,0.11214117975441354,142,0.17812547532104617,-0.052399588093159366,0.019977585824011015,0.31964137296076417,4.0
19.200000000000003,63.30075539975083,3.057477568056745,0.727256029971033,3.999999998755876,1.3685363065008006e-09,0.03876098199007662,0.019387773108867412,0.062036987288761954,142,0.1711865063778896,-0.041185470117718004,0.019977585824011015,0.3196413729853395,4.0
19.300000000000004,63.594344382698324,3.329149261452143,0.7334597286999092,3.9999999988927297,1.2179973030157499e-09,0.059384817288849104,0.029718609728246206,0.09508555313543918,143,0.15857551656915053,-0.04458443558144609,0.016184488342700656,0.2589518133398457,4.0
19.400000000000006,63.883401473754546,3.605637955654153,0.742968284013453,3.9999999990145296,1.0840174091697464e-09,0.03713386419282877,0.01857333489992064,0.05943125453978749,144,0.15052198919091003,-0.042611077101499584,0.012322664738158953,0.1971626357133943,4.0
19.500000000000007,64.17291071188863,3.881653174358086,0.7489114094674318,3.9999999991229314,9.64775503931037e-10,0.0391636199799474,0.01958932146175925,0.06268181954832841,145,0.14004597971977756,-0.04211355988878829,0.008378986147119924,0.13406377829512722,4.0
19.60000000000001,64.46049213438152,4.159676420448763,0.7551795914222647,3.999999999219409,8.586502620033799e-10,0.021782297524187852,0.010892440792060394,0.03485512128572568,146,0.13088535046819197,-0.03917431327929932,0.004336939419260105,0.06939103068107866,4.0
19.70000000000001,64.7487479427578,4.437000398631121,0.7586651035508373,3.999999999305274,7.641986599082885e-10,0.026730185513263068,0.01336748053223725,0.04277466377170347,146,0.11957410952589108,-0.0356888011507267,0.004336939419260105,0.0693910306840578,4.0
19.80000000000001,65.03534563638509,4.716037603949586,0.7629425699280076,3.9999999993816937,6.801369245579282e-10,0.0073712988767740415,0.0036856995049725214,0.0117942117112027,147,0.11020271614700486,-0.03259055608881023,0.00017707792332896492,0.0028332467723875317,4.0
19.900000000000013,65.32344714226957,4.99352187784205,0.7641219910991278,3.9999999994497073,6.053219703261448e-10,0.0022395327074443156,0.001119767757772844,0.0035832560755512774,148,0.09872772654034927,-0.030400852195563433,-0.004122492907298759,-0.06595988649863152,4.0
20.000000000000014,65.61193310599135,5.2706064293628705,0.7644803167066829,3.9999999995102393,5.387367441045399e-10,-0.013869444132615335,-0.006935055575697018,-0.022191999951157546,149,0.08712816033689653,-0.026795627256386956,-0.008585557280272485,-0.1373689164507208,4.0
20.100000000000016,65.90254308493773,5.545462464584227,0.7622611167115672,3.999999999564113,4.794755703585452e-10,0.01072527087763002,0.005362789661163092,0.017160844657320155,149,0.07363844555262349,-0.02901482725150273,-0.008585557280272485,-0.1373689164544211,4.0
20.200000000000017,66.19036817449123,5.823233445409537,0.7639772011772992,3.9999999996120605,4.2673340416854447e-10,-0.03339105109732107,-0.016700180566470133,-0.05343809378132062,150,0.06603445829604032,-0.021760465425804565,-0.013237106411269352,-0.21179370253922808,4.0
20.30000000000002,66.48378507137474,6.095090990076248,0.7586333917991671,3.999999999654734,3.7979264178034105e-10,-0.029745731571794047,-0.014876156423440604,-0.04760194478693578,151,0.05249307150929104,-0.019212175027672806,-0.018102465735877715,-0.2896394517240421,4.0
20.40000000000002,66.77815702890472,6.365914088412324,0.7538731973204735,3.9999999996927134,3.3801530463506426e-10,-0.05755682266070473,-0.028802265274488686,-0.09215450619495194,152,0.04023174309680047,-0.013656641515357615,-0.02320615179955343,-0.3712984287358074,4.0
20.50000000000002,67.07753798189351,6.63118950182814,0.7446577467009783,3.9999999997265148,3.008337579046838e-10,-0.06348083620199194,-0.03177242735583793,-0.10165466233815429,153,0.02371675241368447,-0.010056330850388817,-0.028570365757488014,-0.4571258520572996,4.0
20.600000000000023,67.3801291711952,6.892797170169715,0.7344922804671629,3.9999999997565983,2.677419175256546e-10,-0.014837903052644125,-0.0074193598941355516,-0.023741733840243865,153,0.006990127737407467,-0.02022179708420424,-0.028570365757488014,-0.4571258520641756,4.0
20.700000000000024,67.67897844625641,7.158671408816321,0.7321181070831385,3.9999999997833724,2.382903652176083e-10,-0.09261821964741548,-0.0464086345799519,-0.14845432805533282,154,0.001223804331556437,-0.007198482004366347,-0.034213022152579896,-0.5474083543819864,4.0
20.800000000000026,67.98856644148846,7.411960321307318,0.7172726742776052,3.9999999998072013,2.1207853251326015e-10,-0.07820959770005378,-0.03916468887885164,-0.12529496758172828,155,-0.015595853243663122,-0.003979705340670714,-0.04014521350642963,-0.6423234160409546,4.0
20.900000000000027,68.3000708462247,7.662888609498378,0.7047431775194324,3.9999999998284093,1.8874981577710061e-10,-0.12221912671240576,-0.06133862415395058,-0.1961605366586007,156,-0.02926261958074394,0.004307206826343002,-0.04636803173190615,-0.7418885076468478,4.0
21.00000000000003,68.62009401802193,7.902857710632481,0.6851271238535723,3.9999999998472844,1.6798717972221769e-10,-0.12343932525724906,-0.06195567048464017,-0.19813133406674863,157,-0.04984352173444206,0.008341926924683052,-0.05286871825580407,-0.8458994920282741,4.0
21.10000000000003,68.94490667432774,8.136303075314135,0.6653139904468974,3.999999999864083,1.4950876092711953e-10,-0.1520329106640631,-0.07645826557020725,-0.24442813825525456,158,-0.07073183709911679,0.015087859243718471,-0.05961621049583623,-0.9538593678685567,4.0
21.20000000000003,69.27753738033117,8.358467008959506,0.6408711766213719,3.9999999998790337,1.3306298285442609e-10,-0.04135831918410293,-0.020688006354983374,-0.06619689812328765,158,-0.09526459313016408,-0.009354954581807018,-0.05961621049583623,-0.9538593678756873,4.0
21.300000000000033,69.60304618617917,8.590940700601648,0.6342514868090432,3.99999999989234,1.1842611336021492e-10,-0.18524304601709612,-0.09342295899425197,-0.29851878837261586,159,-0.09687959738361325,0.013552245211176261,-0.0665563074142514,-1.0649009185706988,4.0
21.400000000000034,69.94595915059085,8.796879280838043,0.6043996079717816,3.9999999999041824,1.0539933370523614e-10,-0.14025652509419675,-0.07047485374035206,-0.22533289681964003,160,-0.11940428576011831,0.016232808032481505,-0.07360689962633384,-1.1777103939649187,4.0
21.500000000000036,70.29028568509787,9.00044557870367,0.5818663182898176,3.9999999999147224,9.380531906799661e-11,-0.21577825374187537,-0.10915970621936649,-0.3486177505565722,161,-0.1329053065337553,0.02924489757081139,-0.08065399173604186,-1.290463867721646,4.0
21.600000000000037,70.64642137969216,9.182564679923232,0.5470045432341604,3.999999999924103,8.348677305036746e-11,-0.19959945493444506,-0.1008037040140044,-0.32202583410306557,162,-0.1580778200656601,0.032909139767951734,-0.08754954696972007,-1.4007927514623633,4.0
21.70000000000004,71.00725862129578,9.355181263905822,0.5148019598238538,3.999999999932452,7.430300819066815e-11,-0.24223336595260211,-0.12291971776110545,-0.39235332453691973,163,-0.18004515257337433,0.04213167392438588,-0.09411242255463974,-1.5057987608233787,4.0
21.80000000000004,71.37693534739091,9.507952721247097,0.4755666273701618,3.9999999999398823,6.612945746553579e-11,-0.2379826986948691,-0.12070024400467258,-0.3853036357612743,164,-0.20892485296754312,0.04708091151501448,-0.10013370592617812,-1.6021392947706916,4.0
21.90000000000004,71.75201251710683,9.646938752031058,0.4370362637940344,3.9999999999464952,5.885523179927077e-11,-0.26280875251104935,-0.13371302620247563,-0.426607794711534,165,-0.23685902009529292,0.05528979079055757,-0.10538744790662914,-1.6861991664609564,4.0
22.000000000000043,72.13375216980337,9.76641610367081,0.39437548432288094,3.9999999999523808,5.2381166071313605e-11,-0.08892810426248174,-0.04455213392164397,-0.14251966992000398,165,-0.26819616955375614,0.012629011319404138,-0.10538744790662914,-1.6861991664659186,4.0
22.100000000000044,72.50952547817913,9.903508848586547,0.38012351733088057,3.999999999957619,4.661933061811397e-11,-0.2719204777484462,-0.13852057880736962,-0.44184965100480833,166,-0.26216897531034944,0.046539770386051615,-0.10361367711712097,-1.6578188338388054,4.0
22.200000000000045,72.89790775994891,9.999212574762213,0.3359385522303997,3.999999999962281,4.149107724060741e-11,-0.16101513103766218,-0.08103277090723983,-0.2590211807002441,167,-0.28295410411820276,0.04839278690615095,-0.0975357754705247,-1.5605724074989633,4.0
22.300000000000047,73.2849825829941,10.100074268985084,0.3100364341603753,3.99999999996643,3.692703920421536e-11,-0.24369492268719575,-0.12368365838512985,-0.39477937493261184,168,-0.2829496758114798,0.0659535687536813,-0.09117216305675149,-1.4587546088835386,4.0
22.40000000000005,73.6780571881524,10.174184691848335,0.2705584966671141,3.9999999999701226,3.2865177246321765e-11,-0.1790394829222135,-0.09024291619889738,-0.2883855347051329,169,-0.2958241424865338,0.06729856753195518,-0.0846957960891403,-1.3551327374060007,4.0
22.50000000000005,74.07157204637403,10.24592071039141,0.24171994319660084,3.9999999999734093,2.9249802580011424e-11,-0.21315183726861106,-0.10780031788378153,-0.34429327859212827,170,-0.29753800106938044,0.07662492813748226,-0.07824825531472226,-1.2519720850189109,4.0
22.60000000000005,74.4679905107101,10.299328585571992,0.20729061533738802,3.999999999976334,2.6032553890331658e-11,-0.17355062344069389,-0.08743367327229185,-0.2794314109230008,171,-0.30517960395230925,0.07772247330035195,-0.07193905256282816,-1.1510248409916306,4.0
22.700000000000053,74.86512081129806,10.347156656336194,0.17934747424508793,3.9999999999789373,-0.04929273377486068,-0.18400971154723492,-0.09279030061604984,-0.2965030503325272,172,-0.3067329796825723,0.0827175733175362,-0.0658477109358662,-1.0535633749627638,3.955188423819973
22.800000000000054,75.26362331773812,10.381736308724522,0.1496971692118352,3.995070726601451,-0.0438705330596259,-0.08029012744677118,-0.04020986695112932,-0.12847838201329614,172,-0.3107620024704849,0.05306726828428347,-0.0658477109358662,-1.0509683239651992,3.955188423819973
22.900000000000055,75.66073824208605,10.425389922155924,0.1368493310105056,3.9906836732954885,-0.16605061697035103,-0.17399132490675207,-0.08765907762431234,-0.279497450385992,173,-0.2934843996964015,0.07063997001017536,-0.0600274773427095,-0.9559709627834361,3.8397285669588057
23.000000000000057,76.05932389768273,10.445012280720688,0.10889958597190638,3.974078611598453,-0.27873022345849185,-0.11636444302274597,-0.05837984666296077,-0.18549946798261485,174,-0.2913002104984932,0.07067861288561204,-0.05450974053264775,-0.8608887293706208,3.7206874993634607
23.10000000000006,76.45622472576919,10.465080683146445,0.0903496391736449,3.946205589252604,-0.3833454197115057,-0.1531727207139834,-0.0770382216041333,-0.24296643229100218,175,-0.28040292206778183,0.07777928369426802,-0.049308496817643405,-0.7678584676658974,3.597709753151235
23.20000000000006,76.85081032304507,10.470333487057191,0.06605299594454468,3.9078710472814535,-0.4812436190851717,-0.11959911168064309,-0.06001416497167553,-0.1875094880402431,176,-0.27686006973429117,0.07689401924528387,-0.04442445681204905,-0.6784261429569161,3.4703768481131156
23.30000000000006,77.2415903022845,10.472693369985796,0.04730204714052037,3.8597466853729365,-0.5737118609782441,-0.13022048143071666,-0.06538743919156928,-0.20175931869462924,177,-0.26955361073708106,0.07941421935654489,-0.03984858563456154,-0.5936500616251474,3.3381904481199873
23.400000000000063,77.62750184997373,10.465713247309436,0.027126115271057447,3.802375499275112,-0.5106035562706371,-0.06367264162420899,-0.03186862128650714,-0.09692476359883731,177,-0.2641398064445064,0.059238287487081966,-0.03984858563456154,-0.5761332196043075,3.3381904481199873
23.500000000000064,78.00773512387882,10.463909975201297,0.017433638911173714,3.751315143648048,-0.6058424888136765,-0.11790508794527521,-0.05915814165744171,-0.17743313049847595,178,-0.24801906568069662,0.06877342209646553,-0.035565008577194836,-0.5004837928435644,3.200549244726524
23.600000000000065,78.38254014598635,10.44826234047253,-0.00030967413867388077,3.6907308947666806,-0.6974158870447787,-0.08493058632313914,-0.042542009147776456,-0.12557100111922653,179,-0.24157185679346796,0.0683064944340481,-0.03155330118921756,-0.4298031197917095,3.0567164519987
23.700000000000067,78.7512744289895,10.432451777104863,-0.012866774250596534,3.620989306062203,-0.7867381750852706,-0.1004640924380303,-0.050359115066089234,-0.14581820197627388,180,-0.23175423932951833,0.07116101467842634,-0.027790229492002737,-0.364373360181781,2.9057727832574116
23.800000000000068,79.11264985305715,10.409573000343547,-0.027448594448223923,3.542315488553676,-0.7001969758258909,-0.0520833515936855,-0.026059348433770238,-0.07383998887208795,180,-0.22422243694510435,0.056579194480798956,-0.027790229492002737,-0.34871177244365514,2.9057727832574116
23.90000000000007,79.46637442272568,10.39062784219459,-0.03483259333543272,3.4722957909710868,-0.798324662372227,-0.08809847951669766,-0.044134876140153226,-0.12255967794133847,181,-0.21044360385735933,0.0628216493540232,-0.024251025308831647,-0.29239068493743614,2.746546097905426
24.00000000000007,79.81252192656805,10.363236489842937,-0.04708856112956657,3.392463324733864,-0.8964576902415943,-0.06673558115073379,-0.033404983987832634,-0.09064328620458587,182,-0.2034518973181614,0.06247904608187074,-0.020910283965248196,-0.24065243103743392,2.5775017881505966
24.100000000000072,80.15066982806256,10.335958828441957,-0.05615288975002515,3.3028175557097046,-0.7978473443150188,-0.051882102618450915,-0.025958519785214216,-0.06858130109631316,182,-0.19359001789591765,0.05341471746141216,-0.020910283965248196,-0.22810200325420874,2.5775017881505966
24.200000000000074,80.47983878245147,10.308869392686288,-0.06301101985965647,3.2230328212782027,-0.9091165154007633,-0.06520800135124327,-0.03263869628014344,-0.08414153051551204,183,-0.18262740636262467,0.056821019224593636,-0.017742564583753766,-0.18430870640284136,2.3965632618229633
24.300000000000075,80.80066883316935,10.278088160957743,-0.07142517291120767,3.1321211697381264,-0.8091136987066795,-0.03878810304333028,-0.019401348935911784,-0.048610850824298724,183,-0.17483412392542125,0.048406866173042434,-0.017742564583753766,-0.17405780584489097,2.3965632618229633
24.400000000000077,81.11258992307555,10.249679291023273,-0.07628625799363754,3.0512097998674585,-0.9354520724046506,-0.0584173429908669,-0.029233612044108303,-0.07134814342795295,184,-0.16323956213718271,0.052217301152634496,-0.014722761990932927,-0.1370671657017015,2.20079882495414
24.500000000000078,81.41601380255268,10.2175426796413,-0.08342107233643284,2.9576645926269935,-1.069019525601063,-0.04754297915945678,-0.023784930055263487,-0.05627297020187861,185,-0.15578975545118334,0.05220889082218008,-0.01182630701035405,-0.10345393007614798,1.985828660262391
24.60000000000008,81.710082248309,10.185895442238165,-0.0890483693566207,2.850762640066887,-0.9514273777849458,-0.03883213845681855,-0.019423391530997664,-0.044294397869203674,185,-0.14738403318431526,0.04658159380199223,-0.01182630701035405,-0.09611059509876155,1.985828660262391
24.70000000000008,81.99348303492485,10.155033322325037,-0.09347780914354106,2.7556199022883927,-1.112157735248069,-0.04224964331754978,-0.02113425298964892,-0.04658690628731251,186,-0.13904192998660117,0.047773003144285314,-0.009029240365536652,-0.0685630044048538,1.7445674156992392
24.800000000000082,82.2672371247024,10.123519693702733,-0.09813649977227232,2.6444041287635858,-0.9898203843707812,-0.031545732779435245,-0.015776791392101967,-0.03337478525943141,186,-0.13170217112561447,0.04311431251555406,-0.009029240365536652,-0.06314033293440609,1.7445674156992392
24.900000000000084,82.52996367122218,10.09346152150259,-0.10147397829821546,2.5454220903265075,-1.1894818510901244,-0.03413697688410394,-0.017073462510075507,-0.034765645798713406,187,-0.12401361760494571,0.04392349019299034,-0.006308195393868949,-0.04087189317265383,1.464074952971849
25.000000000000085,82.78271937002907,10.063356822536175,-0.1049505428780868,2.426473905217495,-1.0586388474702104,-0.02725510940316777,-0.01363008594819064,-0.02645761907282854,187,-0.11717997340468378,0.040446925613118995,-0.006308195393868949,-0.03714123900017715,1.464074952971849
25.100000000000087,83.02366278181754,10.034650926926629,-0.10759630478536966,2.3206100204704736,-2.5526710225175213,-0.02580987608103557,-0.012907087553638022,-0.023961188062714713,188,-0.11047175541262262,0.04049684403396189,-0.00364031656574859,-0.019603945135913795,1.115130247065123
25.200000000000088,83.25404093499583,10.00675441801887,-0.10999242359164113,2.0653429182187213,-2.2718772100405937,-0.021625554120116443,-0.010814041396115259,-0.017867414800770004,188,-0.10407006110561742,0.038100725227690424,-0.00364031656574859,-0.015528284942157312,1.115130247065123
25.30000000000009,83.45906995725274,9.981864385259959,-0.11177916507171813,1.838155197214662,-2.0219707169361283,-0.01973664688792651,-0.009869284552468778,-0.014512785754044275,188,-0.09843512450603173,0.036313983747613424,-0.00364031656574859,-0.012299954502682809,1.115130247065123
25.40000000000009,83.64152707062914,9.959558622129705,-0.11323044364712256,1.6359581255210491,-1.7995539380731542,-0.014397733796923082,-0.007199239989604011,-0.00942204273709875,189,-0.0933457211079093,0.03612253623811823,-0.0010031344151271448,-0.002684747808557439,0.586101926220621
25.500000000000092,83.80393797602406,9.939904419185183,-0.11417264792083244,1.4560027317137336,-1.601603004885107,-0.015211447661014715,-0.007606163824531832,-0.008859590817801409,189,-0.08861465065590375,0.035180331964408354,-0.0010031344151271448,-0.002126588739158347,0.586101926220621
25.600000000000094,83.94845995101203,9.922217183868256,-0.11505860700261258,1.295842431225223,-1.4254266743477455,-0.012238229199076344,-0.006119343729573495,-0.006343724613079653,190,-0.08459007362381196,0.03439836223920925,-1.1624148442716221e-17,-1.951935848483463e-17,0.0
25.700000000000095,84.07709394406925,9.906552832755256,-0.11569297946392056,1.1532997637904485,-1.2686297401694935,-0.013063626019047783,-0.006532091698480375,-0.006026724991845355,190,-0.08092604681502982,0.03376398977790128,-1.1624148442716221e-17,-1.546128385583751e-17,0.0
25.800000000000097,84.19156353693784,9.892491689128512,-0.1162956519631051,1.0264367897734992,-1.129080468750849,-0.013182042874219691,-0.006591307773825463,-0.0054124094425612125,190,-0.07778578081081429,0.03316131727871674,-1.1624148442716221e-17,-1.2246882942208891e-17,0.0
25.900000000000098,84.29343316912512,9.879909842203965,-0.11683689290736121,0.9135287428984142,-1.0048816171882557,-0.013356740178832179,-0.0066786679621949115,-0.004880887832990126,190,-0.07505885816337193,0.032620076334460624,-1.1624148442716221e-17,-9.700755978523662e-18,0.0
26.0000000000001,84.38409008488254,9.868655009181332,-0.11732498169066022,0.8130405811795887,-0.8943446392975476,-0.013487044756997128,-0.006743829054759047,-0.004386372106931375,190,-0.0726893017344394,0.03213198755116162,-1.1624148442716221e-17,-7.683968810588592e-18,0.0
26.1000000000001,84.46476918576461,9.858593570551088,-0.11776361890135335,0.7236061172498339,-0.7959667289748174,-0.01359379185631527,-0.006797209944263991,-0.003934771857461116,190,-0.07062536315877031,0.03169335034046848,-1.1624148442716221e-17,-6.086471694867225e-18,0.0
26.200000000000102,84.53656917099373,9.84960356219111,-0.11815709608709947,0.6440094443523522,-0.7084103887875874,-0.01368058815667785,-0.006840614148096351,-0.0035243086070014854,190,-0.06882404930463398,0.031299873154722366,-1.1624148442716221e-17,-4.821094229504329e-18,0.0
26.300000000000104,84.60046765621448,9.841574537926371,-0.11850952694779962,0.5731684054735935,-0.6304852460209529,-0.013751587994374845,-0.006876119076327045,-0.00315291451982387,190,-0.06724900698163333,0.030947442294022215,-1.1624148442716221e-17,-3.818788739190379e-18,0.0
26.400000000000105,84.65733453165792,9.834406645095756,-0.11882481839978201,0.5101198808714982,-0.5611318689586481,-0.01381007587082253,-0.006905367180203134,-0.0028180296706805737,190,-0.06586944802199296,0.030632150842039824,-1.1624148442716221e-17,-3.0248625603126993e-18,0.0
26.500000000000107,84.70794384983452,9.828009783185168,-0.11910662136685007,0.45400669397563337,-0.49940736337319674,-0.01426037040692249,-0.007130547717234272,-0.0025898311696033226,190,-0.06465921117648989,0.03035034787497176,-1.1624148442716221e-17,-2.395993634023689e-18,0.0
