index,s_m,x_m,y_m,yaw_rad,curvature_1pm,target_speed_mps,lat_deg,lon_deg,elevation_m
0,0.0,0.0,0.0,-0.15095770336235736,-4.7734091040694085e-18,9.0,,,
1,0.5,0.5295089807133769,-0.08041418221448955,-0.1502262862374565,0.002733136456705395,9.0,,,
2,1.0,1.0587100416280055,-0.15998925991891486,-0.14802850915161564,0.005486036819425604,9.0,,,
3,1.5,1.5872952629451378,-0.23788612860321168,-0.14435379990164252,0.008278515420517581,9.0,,,
4,2.0,2.114956724866025,-0.3132656837573158,-0.139184556832134,0.011130473788906116,9.0,,,
5,2.5,2.641386507591919,-0.38528882087116295,-0.13249618485031495,0.014061909098136656,9.0,,,
6,3.0,3.1662766913240716,-0.45311643543468894,-0.12425716224846656,0.017092877603776684,9.0,,,
7,3.5,3.6893193562637343,-0.5159094229378295,-0.11442915570859045,0.02024339335601914,9.0,,,
8,4.0,4.21020658261216,-0.5728286788705204,-0.10296720718295974,0.023533238496607288,9.0,,,
9,4.5,4.7286304505705985,-0.6230350987226972,-0.08982002359833981,0.02698165666943485,9.0,,,
10,5.0,5.244283040340302,-0.6656895779842961,-0.07493040859762425,0.03060689581669558,9.0,,,
11,5.5,5.7568564321225235,-0.6999530121452525,-0.058235884746557914,0.03442556151705509,9.0,,,
12,6.0,6.266042706118514,-0.7249862966955023,-0.03966956450305974,0.038451738120694676,9.0,,,
13,6.5,6.771533942529525,-0.7399503271249812,-0.019161338130289057,0.04269583396496397,9.0,,,
14,7.0,7.2730222215568086,-0.744005998923625,0.0033605445180475866,0.04716311147953159,9.0,,,
15,7.5,7.770199623401616,-0.7363142075813696,0.02796741564389211,0.051851876578904985,9.0,,,
16,8.0,8.262758228265199,-0.7160358485881504,0.054727571819508436,0.05675132894190947,9.0,,,
17,8.5,8.75039011634881,-0.6823318174339035,0.08370302356555749,0.06183912072568992,9.0,,,
18,9.0,9.2327873678537,-0.6343630096085645,0.11494556225345202,0.06707874061390495,9.0,,,
19,9.5,9.70964206298112,-0.5712903206020692,0.14849213723894894,0.07241693499217983,9.0,,,
20,10.0,10.180646281932324,-0.49227464590435344,0.18435960331790907,0.0777814948632869,9.0,,,
21,10.5,10.645492104908563,-0.3964768810053527,0.22253899313004236,0.08307986229866136,9.0,,,
22,11.0,11.103871612111087,-0.2830579213950031,0.26298958966724106,0.08819911621005277,9.0,,,
23,11.5,11.555476883741148,-0.1511786625632403,0.3056332118886675,0.0930079409324888,9.0,,,
24,12.0,12.0,0.0,0.35034926291290985,0.09736110857218451,9.0,,,
25,12.5,12.437282590536539,0.17096794545680105,0.39454578044738514,0.09079002034774128,9.0,,,
26,13.0,12.867764482790243,0.36081815157732183,0.43561999113857336,0.08374378936042556,9.0,,,
27,13.5,13.292035053648235,0.5682943707837403,0.47345236802992346,0.07643461807856729,9.0,,,
28,14.0,13.710683679997642,0.7921403554982346,0.5079834845507786,0.06903856472721712,9.0,,,
29,14.5,14.124299738725586,1.0310998581429824,0.5392025366698096,0.06169255665758775,9.0,,,
30,15.0,14.533472606719192,1.2839166311401622,0.5671358211849603,0.05449578702966349,9.0,,,
31,15.5,14.938791660865581,1.5493344269119516,0.591836048868769,0.047513830529864604,9.0,,,
32,16.0,15.340846278051881,1.8260969978805288,0.6133729967595746,0.0407840654486981,9.0,,,
33,16.5,15.740225835165216,2.1129480964680716,0.6318257073237531,0.034321376854348266,9.0,,,
34,17.0,16.13751970909271,2.408631475096758,0.6472762365846879,0.028123500061996265,9.0,,,
35,17.5,16.533317276721483,2.7118908861887663,0.6598048298277103,0.022175675606645056,9.0,,,
36,18.0,16.928207914938664,3.0214700821662746,0.669486343877749,0.016454507319755063,9.0,,,
37,18.5,17.322781000631373,3.33611281545146,0.6763877196240905,0.010931052702512396,9.0,,,
38,19.0,17.717625910686735,3.6545628384665014,0.6805663207032723,0.005573249292267713,9.0,,,
39,19.5,18.113332021991877,3.9755639036335766,0.6820689815486246,0.0003478126690180997,9.0,,,
40,20.0,18.510488711433926,4.2978597633748645,0.6809316419329418,-0.004778252050311065,9.0,,,
41,20.5,18.909685355899995,4.620194170112541,0.6771794804465476,-0.009836391066438094,9.0,,,
42,21.0,19.311511332277213,4.941310876268785,0.6708274930748815,-0.014855375184880077,9.0,,,
43,21.5,19.71655601745271,5.259953634265775,0.6618814935139854,-0.019860202719417568,9.0,,,
44,22.0,20.125408788313603,5.574866196525689,0.6503395380498256,-0.024870948125262134,9.0,,,
45,22.5,20.53865902174702,5.884792315470706,0.6361937987468945,-0.029901494154797866,9.0,,,
46,23.0,20.956896094640083,6.188475743523,0.619432923004968,-0.03495811204199345,9.0,,,
47,23.5,21.380709383879914,6.484660233104755,0.6000449232717638,-0.04003788906919788,9.0,,,
48,24.0,21.810688266353644,6.772089536638142,0.578020635092956,-0.04512704906084345,9.0,,,
49,24.5,22.24742211894839,7.049507406545346,0.5533577613034834,-0.050199271110539116,9.0,,,
50,25.0,22.691500318551277,7.315657595248538,0.5260654813093362,-0.05521418477934887,9.0,,,
51,25.5,23.143512242049432,7.569283855169903,0.49616954398045243,-0.06011630084889373,9.0,,,
52,26.0,23.604047266329975,7.809129938731615,0.4637176796336819,-0.06483471292066748,9.0,,,
53,26.5,24.073693821413087,8.033940215479966,0.4288203632730802,-0.06841739809360325,9.0,,,
54,27.0,24.55265619179438,8.24270942325857,0.39337296186053355,-0.06730657823363133,9.0,,,
55,27.5,25.040166780845357,8.435065727106432,0.3583324853045884,-0.06644887199740966,9.0,,,
56,28.0,25.535306633708032,8.610735940360625,0.32359049124044403,-0.06584094182251622,9.0,,,
57,28.5,26.037156795524403,8.769446876358217,0.28903933242597335,-0.0654797614839888,9.0,,,
58,29.0,26.544798311436484,8.910925348436276,0.25457209746797627,-0.06536279441552564,9.0,,,
59,29.5,27.057312226586273,9.034898169931873,0.22008250711438562,-0.06548807399307596,9.0,,,
60,30.0,27.573779586115784,9.141092154182077,0.18546479715757194,-0.06585419335082401,9.0,,,
61,30.5,28.093281435167018,9.229234114523956,0.1506136176378433,-0.06646020753267491,9.0,,,
62,31.0,28.614898818881986,9.299050864294582,0.11542397787699171,-0.06730544623967183,9.0,,,
63,31.5,29.137712782402694,9.350269216831022,0.07979126783186136,-0.06838923128497446,9.0,,,
64,32.0,29.66080437087114,9.382615985470347,0.04361138819529707,-0.06971048933785655,9.0,,,
65,32.5,30.18325462942934,9.395817983549627,0.0067810243593956635,-0.07126724797132855,9.0,,,
66,33.0,30.704144603219294,9.38960202440593,-0.030801897553320384,-0.07305600195196241,9.0,,,
67,33.5,31.222555337383017,9.363694921376323,-0.06923753140687815,-0.0750709378923418,9.0,,,
68,34.0,31.737567877062506,9.31782348779788,-0.10862316520938925,-0.0773030098704887,9.0,,,
69,34.5,32.24826326739977,9.251714537007668,-0.14905196516379376,-0.0797388677214044,9.0,,,
70,35.0,32.75372255353682,9.165094882342759,-0.19061136907201584,-0.08235965491697607,9.0,,,
71,35.5,33.25302678061565,9.057691337140216,-0.23338109651392136,-0.08513971570938213,9.0,,,
72,36.0,33.745256993778284,8.929230714737114,-0.27743075811845563,-0.08804528245656904,9.0,,,
73,36.5,34.22949423816671,8.779439828470522,-0.32281707013565697,-0.09103325350299461,9.0,,,
74,37.0,34.70481955892295,8.608045491677508,-0.36958071516550733,-0.09405021719831358,9.0,,,
75,37.5,35.170314001189,8.414774517695143,-0.4177429361570731,-0.09703192285428475,9.0,,,
76,38.0,35.625058610106876,8.199353719860493,-0.46730200777562403,-0.09990343472686998,9.0,,,
77,38.5,36.068135477738416,7.96151106561758,-0.5181714811744453,-0.10108741633237114,9.0,,,
78,39.0,36.49905143329785,7.7014427455531695,-0.5672251105890671,-0.09373377866178029,9.0,,,
79,39.5,36.91838788319659,7.420529546208475,-0.6125992161538565,-0.08601000827317527,9.0,,,
80,40.0,37.32689358569396,7.120336740006664,-0.6542132270199223,-0.07815581396807085,9.0,,,
81,40.5,37.725317299049244,6.802429599370905,-0.6920570393367041,-0.07035515069548103,9.0,,,
82,41.0,38.11440778152174,6.468373396724368,-0.7261731121715995,-0.06273769159080642,9.0,,,
83,41.5,38.49491379137075,6.11973340449022,-0.7566398791932373,-0.055384991964907225,9.0,,,
84,42.0,38.86758408685557,5.758074895091631,-0.7835573760921268,-0.048338746821753376,9.0,,,
85,42.5,39.23316742623551,5.38496314095177,-0.8070354023055412,-0.041609311364457495,9.0,,,
86,43.0,39.592412567769856,5.0019634144938045,-0.8271841486430784,-0.035183402288519634,9.0,,,
87,43.5,39.94606826971791,4.610640988140905,-0.84410700543316,-0.029030478258348588,9.0,,,
88,44.0,40.29488329033897,4.212561134316238,-0.8578951743705326,-0.02310768207425595,9.0,,,
89,44.5,40.63960638789235,3.809289125442975,-0.868623697031619,-0.01736344581569823,9.0,,,
90,45.0,40.98098632063733,3.4023902339442817,-0.8763485489140063,-0.011739963100369184,9.0,,,
91,45.5,41.31977184683321,2.99342973224333,-0.881104505905965,-0.006174765609618055,9.0,,,
92,46.0,41.656711724739296,2.5839728927632866,-0.8829035561580876,-0.0006016393675693296,9.0,,,
93,46.5,41.99255471261489,2.1755849879273206,-0.8817336976498008,0.005048896024507834,9.0,,,
94,47.0,42.32804956871929,1.7698312901586004,-0.8775580286554222,0.010849329345910314,9.0,,,
95,47.5,42.663945051311785,1.368277071880296,-0.870314106511235,0.016874897393965884,9.0,,,
96,48.0,43.000989918651676,0.972487605515574,-0.8599136234104731,0.02320306926306457,9.0,,,
97,48.5,43.339932928998266,0.5840281634876066,-0.8462425315229795,0.02991246614770345,9.0,,,
98,49.0,43.68152284061087,0.2044640182195594,-0.829161849066465,0.03708082301379997,9.0,,,
99,49.5,44.02650841174876,-0.16463955786539808,-0.8085094986564026,0.04478148930012364,9.0,,,
100,50.0,44.37563840067125,-0.5217172923440954,-0.7841036707024311,0.053077847818446516,8.969030910188655,,,
101,50.5,44.72966156563763,-0.8652039127933664,-0.7557483618158781,0.06201494287506291,8.918717142499784,,,
102,51.0,45.08932666490721,-1.1935341467900402,-0.7232418911191911,0.07160762732416634,8.86811792140359,,,
103,51.5,45.45538245673929,-1.505142721910949,-0.686389302367228,0.0818247958549034,8.81722833252715,,,
104,52.0,45.82857769939314,-1.798464365732924,-0.6450195385777197,0.09256996129456666,8.766043318847993,,,
105,52.5,46.2096611511281,-2.0719338058327965,-0.5990080080922501,0.10365977327414892,8.714557674828914,,,
106,53.0,46.59938157020345,-2.3239857697873987,-0.5483044927752566,0.11480420729587189,8.662766040239083,,,
107,53.5,46.99848771487848,-2.553054985173559,-0.49296513709046785,0.1255948693735914,8.610662893640624,,,
108,54.0,47.4077283434125,-2.757576179568111,-0.433185468944046,0.13551029833359424,8.558242545518299,,,
109,54.5,47.82785221406482,-2.9359840805478843,-0.3693292742326986,0.143947547048291,8.505499131028087,,,
110,55.0,48.25954888778615,-3.086795496610305,-0.3029967122269717,0.14273958596909006,8.452426602338498,,,
111,55.5,48.702614921935464,-3.209765443845065,-0.23902837011299213,0.13534911605300917,8.399018720536317,,,
112,56.0,49.15615571796697,-3.3056072709808157,-0.17808987672725374,0.1274897666125725,8.3452690470661,,,
113,56.5,49.61925868219961,-3.37505927817229,-0.12025870705714693,0.11948207917894065,8.291170934670177,,,
114,57.0,50.091011220952325,-3.4188597655742186,-0.06552730136767548,0.11158156127035618,8.236717517793089,,,
115,57.5,50.57050074054405,-3.437747033341336,-0.013821095478378453,0.10397784496067408,8.181901702411214,,,
116,58.0,51.056814647293734,-3.4324593816283726,0.034984177704460655,0.09680095347609015,8.126716155244965,,,
117,58.5,51.549040347520325,-3.403735110590064,0.08104720474807106,0.09013117762647188,8.071153292307088,,,
118,59.0,52.046265247542756,-3.352312520381139,0.12454841927706917,0.08400994893535425,8.015205266736437,,,
119,59.5,52.54757675367998,-3.2789299111563324,0.16568003697647105,0.07845007436326544,7.958863955862013,,,
120,60.0,53.052062272250915,-3.1843255830703776,0.20463859241325227,0.07344450681250633,7.902120947436804,,,
121,60.5,53.55880920957453,-3.069237836278005,0.24161962352875585,0.06897338546978102,7.844967524975456,,,
122,61.0,54.06690497196975,-2.9344049709339473,0.276814105531634,0.06500941129288419,7.787394652123361,,,
123,61.5,54.57543696575553,-2.7805652871929385,0.31040625372573727,0.061521784604282426,7.7293929559778185,,,
124,62.0,55.08349259725079,-2.6084570852097095,0.3425723634256475,0.05847898482614241,7.670952709274092,,,
125,62.5,55.59015927277451,-2.418818665138994,0.37348041444097924,0.05585066494948306,7.612063811340491,,,
126,63.0,56.09452439864559,-2.2123883271355247,0.4032902261293153,0.05360889782488416,7.552715767716903,,,
127,63.5,56.595675381183,-1.9899043713540339,0.43215400107554786,0.0517289672022754,7.492897668320282,,,
128,64.0,57.092699626705674,-1.7521050979492514,0.4602171390172411,0.05018985387923633,7.432598164028479,,,
129,64.5,57.58468454153254,-1.4997288070759147,0.48761923767158927,0.048974530862871755,7.371805441540052,,,
130,65.0,58.07071753198256,-1.233513798888753,0.5144952245653469,0.04807015240469812,7.310507196352352,,,
131,65.5,58.54988600437468,-0.9541983735424986,0.5409765851099646,0.047468199807903885,7.248690603682815,,,
132,66.0,59.02127736502782,-0.6625208311918853,0.5671926683004488,0.04716463103185367,7.186342287138814,,,
133,66.5,59.48397902026094,-0.35921947199164594,0.5932720637016073,0.0471600701508602,7.123448284919286,,,
134,67.0,59.93707837639296,-0.04503259609651211,0.6193440527591737,0.04746006553069664,7.05999401330621,,,
135,67.5,60.379826874637686,0.2792771180988323,0.6447867177597134,0.04479504857780699,6.9959642271755165,,,
136,68.0,60.812481461101434,0.6127975579005662,0.6683617169363961,0.04149089739952669,6.931342977224509,,,
137,68.5,61.23567988923043,0.9545600164815486,0.6900087945590766,0.03807920400281985,6.866113563575796,,,
138,69.0,61.65006063229119,1.303595680037699,0.7096967893903002,0.03458210438104222,6.800258485375355,,,
139,69.5,62.05626216355019,1.6589357347649372,0.7274017612285082,0.03101576944840108,6.733759385953698,,,
140,70.0,62.45492295627393,2.019611366859183,0.7431047589074424,0.027390547941317216,6.666596993063217,,,
141,70.5,62.84668148372891,2.3846537625163555,0.7567897146173006,0.023711260721847188,6.598751053640342,,,
142,71.0,63.2321762191816,2.7530941079323754,0.768441500088751,0.019977585824011015,6.530200262466651,,,
143,71.5,63.612045635898525,3.123963589303161,0.7780441642813553,0.016184488342700656,6.460922184016731,,,
144,72.0,63.98692820714616,3.496293392824633,0.7855793611149526,0.012322664738158953,6.390893166680188,,,
145,72.5,64.35746240619099,3.869114704692712,0.7910249693562201,0.008378986147119924,6.320088248428144,,,
146,73.0,64.72428670629952,4.2414587111033155,0.794353904701564,0.004336939419260105,6.248481052857528,,,
147,73.5,65.08803958073824,4.612356598252364,0.7955331260168178,0.00017707792332896492,6.176043674385692,,,
148,74.0,65.44935950277365,4.980839552335778,0.7945228432946913,-0.004122492907298759,6.102746551178373,,,
149,74.5,65.80888494567223,5.345938759549476,0.7912759439630699,-0.008585557280272485,6.02855832417001,,,
150,75.0,66.16725438270048,5.706685406089379,0.7857376666031037,-0.013237106411269352,5.953445680269496,,,
151,75.5,66.5251062871249,6.062110678151406,0.7778455668268399,-0.018102465735877715,5.877373177527485,,,
152,76.0,66.88307913221196,6.411245761931476,0.7675298388358311,-0.02320615179955343,5.800303049662105,,,
153,76.5,67.24181139122818,6.753121843625511,0.7547140775513671,-0.028570365757488014,5.722194986883925,,,
154,77.0,67.60194153744004,7.086770109429428,0.7393165890875049,-0.034213022152579896,5.643005889410317,,,
155,77.5,67.96410804411403,7.411221745539146,0.7212523796182759,-0.04014521350642963,5.562689589391046,,,
156,78.0,68.32894938451666,7.72550793815059,0.7004359706930894,-0.04636803173190615,5.481196536151529,,,
157,78.5,68.69710403191439,8.028659873459674,0.6767851969288893,-0.05286871825580407,5.398473438660186,,,
158,79.0,69.06921045957374,8.319708737662319,0.650226131203179,-0.05961621049583623,5.314462857892557,,,
159,79.5,69.4459071407612,8.597685716954448,0.6206992415978669,-0.0665563074142514,5.229102740233694,,,
160,80.0,69.82783254874326,8.861621997531977,0.5881667999393001,-0.07360689962633384,5.142325881147511,,,
161,80.5,70.21562515678642,9.110548765590826,0.5526214207190062,-0.08065399173604186,5.054059305936123,,,
162,81.0,70.60992343815714,9.343497207326918,0.5140954034662086,-0.08754954696972007,4.964223551364253,,,
163,81.5,71.01136586612196,9.559498508936167,0.4726702858994679,-0.09411242255463974,4.872731828032354,,,
164,82.0,71.42059091394734,9.757583856614499,0.42848571585514733,-0.10013370592617812,4.779489038372148,,,
165,82.5,71.83823705489979,9.93678443655783,0.3817464730034768,-0.10538744790662914,4.6843906186311495,,,
166,83.0,72.26490233500739,10.096202803663955,0.33358374694482895,-0.10361367711712097,4.587321164679831,,,
167,83.5,72.70062168550375,10.235935614170868,0.28754576532424875,-0.0975357754705247,4.488152790170977,,,
168,84.0,73.14501697991237,10.356808720614067,0.244082865406694,-0.09117216305675149,4.386743150438549,,,
169,84.5,73.59770058234449,10.45966476308209,0.20325992913515895,-0.0846957960891403,4.282933044996095,,,
170,85.0,74.05828485691141,10.545346381663474,0.16509501505911858,-0.07824825531472226,4.1765434833028525,,,
171,85.5,74.52638216772432,10.614696216446758,0.12956814203703607,-0.07193905256282816,4.06737205919492,,,
172,86.0,75.0016048788945,10.668556907520474,0.09662990092755173,-0.0658477109358662,3.955188423819973,,,
173,86.5,75.48356535453317,10.707771094973163,0.06620936100033023,-0.0600274773427095,3.8397285669588057,,,
174,87.0,75.97187595875158,10.733181418893366,0.03822097308629434,-0.05450974053264775,3.7206874993634607,,,
175,87.5,76.46614905566098,10.745630519369614,0.012570355479376873,-0.049308496817643405,3.597709753151235,,,
176,88.0,76.96599700937261,10.745961036490451,-0.010841023300739184,-0.04442445681204905,3.4703768481131156,,,
177,88.5,77.47103218399774,10.735015610344409,-0.03211217221602452,-0.03984858563456154,3.3381904481199873,,,
178,89.0,77.9808669436476,10.713636881020028,-0.051339783185291823,-0.035565008577194836,3.200549244726524,,,
179,89.5,78.49511365243343,10.682667488605844,-0.06861616857272199,-0.03155330118921756,3.0567164519987,,,
180,90.0,79.01338467446647,10.642950073190395,-0.08402778892902288,-0.027790229492002737,2.9057727832574116,,,
181,90.5,79.53529237385797,10.595327274862218,-0.09765424268945593,-0.024251025308831647,2.746546097905426,,,
182,91.0,80.0604491147192,10.540641733709851,-0.10956760721143731,-0.020910283965248196,2.5775017881505966,,,
183,91.5,80.58846726116138,10.479736089821834,-0.11983203908425011,-0.017742564583753766,2.3965632618229633,,,
184,92.0,81.11895917729575,10.413452983286698,-0.12850355914627204,-0.014722761990932927,2.20079882495414,,,
185,92.5,81.65153722723359,10.342635054192984,-0.13562996315861292,-0.01182630701035405,1.985828660262391,,,
186,93.0,82.18581377508612,10.268124942629234,-0.14125081228782638,-0.009029240365536652,1.7445674156992392,,,
187,93.5,82.72140118496456,10.190765288683977,-0.1453974684912058,-0.006308195393868949,1.464074952971849,,,
188,94.0,83.2579118209802,10.111398732445757,-0.14809314881933155,-0.00364031656574859,1.115130247065123,,,
189,94.5,83.79495804724428,10.030867914003107,-0.1493529798852408,-0.0010031344151271448,0.586101926220621,,,
190,94.69084192662196,84.0,10.000000000000002,-0.14945696924182184,-1.1624148442716221e-17,0.0,,,
